,date,positive,neutral,negative,news_count,finbert_sentiment,avg_sentiment,fear_greed_index,fear_greed_label
0,2018-02-01,,,,,,,30,Fear
1,2018-02-02,,,,,,,15,Extreme Fear
2,2018-02-03,,,,,,,40,Fear
3,2018-02-04,,,,,,,24,Extreme Fear
4,2018-02-05,,,,,,,11,Extreme Fear
5,2018-02-06,,,,,,,8,Extreme Fear
6,2018-02-07,,,,,,,36,Fear
7,2018-02-08,,,,,,,30,Fear
8,2018-02-09,,,,,,,44,Fear
9,2018-02-10,,,,,,,54,Neutral
10,2018-02-11,,,,,,,31,Fear
11,2018-02-12,,,,,,,42,Fear
12,2018-02-13,,,,,,,35,Fear
13,2018-02-14,,,,,,,55,Greed
14,2018-02-15,,,,,,,71,Greed
15,2018-02-16,,,,,,,67,Greed
16,2018-02-17,,,,,,,74,Greed
17,2018-02-18,,,,,,,63,Greed
18,2018-02-19,,,,,,,67,Greed
19,2018-02-20,,,,,,,74,Greed
20,2018-02-21,,,,,,,54,Neutral
21,2018-02-22,,,,,,,44,Fear
22,2018-02-23,,,,,,,39,Fear
23,2018-02-24,,,,,,,31,Fear
24,2018-02-25,,,,,,,33,Fear
25,2018-02-26,,,,,,,37,Fear
26,2018-02-27,,,,,,,44,Fear
27,2018-02-28,,,,,,,41,Fear
28,2018-03-01,,,,,,,38,Fear
29,2018-03-02,,,,,,,47,Neutral
30,2018-03-03,,,,,,,56,Greed
31,2018-03-04,,,,,,,44,Fear
32,2018-03-05,,,,,,,55,Greed
33,2018-03-06,,,,,,,59,Greed
34,2018-03-07,,,,,,,37,Fear
35,2018-03-08,,,,,,,39,Fear
36,2018-03-09,,,,,,,37,Fear
37,2018-03-10,,,,,,,39,Fear
38,2018-03-11,,,,,,,40,Fear
39,2018-03-12,,,,,,,41,Fear
40,2018-03-13,,,,,,,41,Fear
41,2018-03-14,,,,,,,40,Fear
42,2018-03-15,,,,,,,32,Fear
43,2018-03-16,,,,,,,33,Fear
44,2018-03-17,,,,,,,31,Fear
45,2018-03-18,,,,,,,29,Fear
46,2018-03-19,,,,,,,29,Fear
47,2018-03-20,,,,,,,37,Fear
48,2018-03-21,,,,,,,36,Fear
49,2018-03-22,,,,,,,36,Fear
50,2018-03-23,,,,,,,28,Fear
51,2018-03-24,,,,,,,32,Fear
52,2018-03-25,,,,,,,30,Fear
53,2018-03-26,,,,,,,31,Fear
54,2018-03-27,,,,,,,24,Extreme Fear
55,2018-03-28,,,,,,,24,Extreme Fear
56,2018-03-29,,,,,,,18,Extreme Fear
57,2018-03-30,,,,,,,12,Extreme Fear
58,2018-03-31,,,,,,,16,Extreme Fear
59,2018-04-01,,,,,,,16,Extreme Fear
60,2018-04-02,,,,,,,11,Extreme Fear
61,2018-04-03,,,,,,,22,Extreme Fear
62,2018-04-04,,,,,,,22,Extreme Fear
63,2018-04-05,,,,,,,17,Extreme Fear
64,2018-04-06,,,,,,,19,Extreme Fear
65,2018-04-07,,,,,,,20,Extreme Fear
66,2018-04-08,,,,,,,17,Extreme Fear
67,2018-04-09,,,,,,,21,Extreme Fear
68,2018-04-10,,,,,,,18,Extreme Fear
69,2018-04-11,,,,,,,20,Extreme Fear
70,2018-04-12,,,,,,,18,Extreme Fear
71,2018-04-13,,,,,,,23,Extreme Fear
72,2018-04-17,,,,,,,26,Fear
73,2018-04-18,,,,,,,24,Extreme Fear
74,2018-04-19,,,,,,,25,Extreme Fear
75,2018-04-20,,,,,,,26,Fear
76,2018-04-21,,,,,,,32,Fear
77,2018-04-22,,,,,,,31,Fear
78,2018-04-23,,,,,,,28,Fear
79,2018-04-24,,,,,,,29,Fear
80,2018-04-25,,,,,,,64,Greed
81,2018-04-26,,,,,,,47,Neutral
82,2018-04-27,,,,,,,55,Greed
83,2018-04-28,,,,,,,54,Neutral
84,2018-04-29,,,,,,,61,Greed
85,2018-04-30,,,,,,,59,Greed
86,2018-05-01,,,,,,,56,Greed
87,2018-05-02,,,,,,,52,Neutral
88,2018-05-03,,,,,,,55,Greed
89,2018-05-04,,,,,,,56,Greed
90,2018-05-05,,,,,,,63,Greed
91,2018-05-06,,,,,,,67,Greed
92,2018-05-07,,,,,,,56,Greed
93,2018-05-08,,,,,,,62,Greed
94,2018-05-09,,,,,,,53,Neutral
95,2018-05-10,,,,,,,63,Greed
96,2018-05-11,,,,,,,41,Fear
97,2018-05-12,,,,,,,44,Fear
98,2018-05-13,,,,,,,40,Fear
99,2018-05-14,,,,,,,40,Fear
100,2018-05-15,,,,,,,40,Fear
101,2018-05-16,,,,,,,32,Fear
102,2018-05-17,,,,,,,31,Fear
103,2018-05-18,,,,,,,37,Fear
104,2018-05-19,,,,,,,31,Fear
105,2018-05-20,,,,,,,32,Fear
106,2018-05-21,,,,,,,41,Fear
107,2018-05-22,,,,,,,30,Fear
108,2018-05-23,,,,,,,26,Fear
109,2018-05-24,,,,,,,27,Fear
110,2018-05-25,,,,,,,25,Extreme Fear
111,2018-05-26,,,,,,,23,Extreme Fear
112,2018-05-27,,,,,,,19,Extreme Fear
113,2018-05-28,,,,,,,22,Extreme Fear
114,2018-05-29,,,,,,,16,Extreme Fear
115,2018-05-30,,,,,,,38,Fear
116,2018-05-31,,,,,,,25,Extreme Fear
117,2018-06-01,,,,,,,24,Extreme Fear
118,2018-06-02,,,,,,,27,Fear
119,2018-06-03,,,,,,,40,Fear
120,2018-06-04,,,,,,,41,Fear
121,2018-06-05,,,,,,,26,Fear
122,2018-06-06,,,,,,,42,Fear
123,2018-06-07,,,,,,,38,Fear
124,2018-06-08,,,,,,,40,Fear
125,2018-06-09,,,,,,,39,Fear
126,2018-06-10,,,,,,,24,Extreme Fear
127,2018-06-11,,,,,,,15,Extreme Fear
128,2018-06-12,,,,,,,19,Extreme Fear
129,2018-06-13,,,,,,,19,Extreme Fear
130,2018-06-14,,,,,,,17,Extreme Fear
131,2018-06-15,,,,,,,26,Fear
132,2018-06-16,,,,,,,22,Extreme Fear
133,2018-06-17,,,,,,,23,Extreme Fear
134,2018-06-18,,,,,,,27,Fear
135,2018-06-19,,,,,,,32,Fear
136,2018-06-20,,,,,,,34,Fear
137,2018-06-21,,,,,,,37,Fear
138,2018-06-22,,,,,,,28,Fear
139,2018-06-23,,,,,,,17,Extreme Fear
140,2018-06-24,,,,,,,15,Extreme Fear
141,2018-06-25,,,,,,,16,Extreme Fear
142,2018-06-26,,,,,,,21,Extreme Fear
143,2018-06-27,,,,,,,18,Extreme Fear
144,2018-06-28,,,,,,,20,Extreme Fear
145,2018-06-29,,,,,,,16,Extreme Fear
146,2018-06-30,,,,,,,22,Extreme Fear
147,2018-07-01,,,,,,,27,Fear
148,2018-07-02,,,,,,,27,Fear
149,2018-07-03,,,,,,,31,Fear
150,2018-07-04,,,,,,,33,Fear
151,2018-07-05,,,,,,,37,Fear
152,2018-07-06,,,,,,,34,Fear
153,2018-07-07,,,,,,,34,Fear
154,2018-07-08,,,,,,,38,Fear
155,2018-07-09,,,,,,,39,Fear
156,2018-07-10,,,,,,,37,Fear
157,2018-07-11,,,,,,,29,Fear
158,2018-07-12,,,,,,,33,Fear
159,2018-07-13,,,,,,,29,Fear
160,2018-07-14,,,,,,,29,Fear
161,2018-07-15,,,,,,,32,Fear
162,2018-07-16,,,,,,,36,Fear
163,2018-07-17,,,,,,,39,Fear
164,2018-07-18,,,,,,,42,Fear
165,2018-07-19,,,,,,,44,Fear
166,2018-07-20,,,,,,,47,Neutral
167,2018-07-21,,,,,,,43,Fear
168,2018-07-22,,,,,,,46,Fear
169,2018-07-23,,,,,,,44,Fear
170,2018-07-24,,,,,,,49,Neutral
171,2018-07-25,,,,,,,54,Neutral
172,2018-07-26,,,,,,,53,Neutral
173,2018-07-27,,,,,,,47,Neutral
174,2018-07-28,,,,,,,54,Neutral
175,2018-07-29,,,,,,,54,Neutral
176,2018-07-30,,,,,,,53,Neutral
177,2018-07-31,,,,,,,48,Neutral
178,2018-08-01,,,,,,,39,Fear
179,2018-08-02,,,,,,,39,Fear
180,2018-08-03,,,,,,,36,Fear
181,2018-08-04,,,,,,,31,Fear
182,2018-08-05,,,,,,,23,Extreme Fear
183,2018-08-06,,,,,,,25,Extreme Fear
184,2018-08-07,,,,,,,25,Extreme Fear
185,2018-08-08,,,,,,,23,Extreme Fear
186,2018-08-09,,,,,,,19,Extreme Fear
187,2018-08-10,,,,,,,21,Extreme Fear
188,2018-08-11,,,,,,,18,Extreme Fear
189,2018-08-12,,,,,,,18,Extreme Fear
190,2018-08-13,,,,,,,21,Extreme Fear
191,2018-08-14,,,,,,,16,Extreme Fear
192,2018-08-15,,,,,,,18,Extreme Fear
193,2018-08-16,,,,,,,21,Extreme Fear
194,2018-08-17,,,,,,,19,Extreme Fear
195,2018-08-18,,,,,,,24,Extreme Fear
196,2018-08-19,,,,,,,27,Fear
197,2018-08-20,,,,,,,26,Fear
198,2018-08-21,,,,,,,19,Extreme Fear
199,2018-08-22,,,,,,,21,Extreme Fear
200,2018-08-23,,,,,,,18,Extreme Fear
201,2018-08-24,,,,,,,19,Extreme Fear
202,2018-08-25,,,,,,,22,Extreme Fear
203,2018-08-26,,,,,,,19,Extreme Fear
204,2018-08-27,,,,,,,18,Extreme Fear
205,2018-08-28,,,,,,,19,Extreme Fear
206,2018-08-29,,,,,,,19,Extreme Fear
207,2018-08-30,,,,,,,22,Extreme Fear
208,2018-08-31,,,,,,,17,Extreme Fear
209,2018-09-01,,,,,,,21,Extreme Fear
210,2018-09-02,,,,,,,18,Extreme Fear
211,2018-09-03,,,,,,,19,Extreme Fear
212,2018-09-04,,,,,,,26,Fear
213,2018-09-05,,,,,,,17,Extreme Fear
214,2018-09-06,,,,,,,14,Extreme Fear
215,2018-09-07,,,,,,,17,Extreme Fear
216,2018-09-08,,,,,,,18,Extreme Fear
217,2018-09-09,,,,,,,13,Extreme Fear
218,2018-09-10,,,,,,,15,Extreme Fear
219,2018-09-11,,,,,,,18,Extreme Fear
220,2018-09-12,,,,,,,14,Extreme Fear
221,2018-09-13,,,,,,,20,Extreme Fear
222,2018-09-14,,,,,,,23,Extreme Fear
223,2018-09-15,,,,,,,24,Extreme Fear
224,2018-09-16,,,,,,,28,Fear
225,2018-09-17,,,,,,,25,Extreme Fear
226,2018-09-18,,,,,,,21,Extreme Fear
227,2018-09-19,,,,,,,24,Extreme Fear
228,2018-09-20,,,,,,,24,Extreme Fear
229,2018-09-21,,,,,,,31,Fear
230,2018-09-22,,,,,,,35,Fear
231,2018-09-23,,,,,,,38,Fear
232,2018-09-24,,,,,,,43,Fear
233,2018-09-25,,,,,,,37,Fear
234,2018-09-26,,,,,,,37,Fear
235,2018-09-27,,,,,,,42,Fear
236,2018-09-28,,,,,,,42,Fear
237,2018-09-29,,,,,,,37,Fear
238,2018-09-30,,,,,,,34,Fear
239,2018-10-01,,,,,,,35,Fear
240,2018-10-02,,,,,,,33,Fear
241,2018-10-03,,,,,,,36,Fear
242,2018-10-04,,,,,,,29,Fear
243,2018-10-05,,,,,,,37,Fear
244,2018-10-06,,,,,,,34,Fear
245,2018-10-07,,,,,,,29,Fear
246,2018-10-08,,,,,,,26,Fear
247,2018-10-09,,,,,,,31,Fear
248,2018-10-10,,,,,,,28,Fear
249,2018-10-11,,,,,,,19,Extreme Fear
250,2018-10-12,,,,,,,13,Extreme Fear
251,2018-10-13,,,,,,,15,Extreme Fear
252,2018-10-14,,,,,,,18,Extreme Fear
253,2018-10-15,,,,,,,20,Extreme Fear
254,2018-10-16,,,,,,,24,Extreme Fear
255,2018-10-17,,,,,,,23,Extreme Fear
256,2018-10-18,,,,,,,26,Fear
257,2018-10-19,,,,,,,24,Extreme Fear
258,2018-10-20,,,,,,,21,Extreme Fear
259,2018-10-21,,,,,,,21,Extreme Fear
260,2018-10-22,,,,,,,27,Fear
261,2018-10-23,,,,,,,24,Extreme Fear
262,2018-10-24,,,,,,,23,Extreme Fear
263,2018-10-25,,,,,,,25,Extreme Fear
264,2018-10-26,,,,,,,29,Fear
265,2018-10-27,,,,,,,33,Fear
266,2018-10-28,,,,,,,35,Fear
267,2018-10-29,,,,,,,34,Fear
268,2018-10-30,,,,,,,31,Fear
269,2018-10-31,,,,,,,32,Fear
270,2018-11-01,,,,,,,29,Fear
271,2018-11-02,,,,,,,36,Fear
272,2018-11-03,,,,,,,36,Fear
273,2018-11-04,,,,,,,41,Fear
274,2018-11-05,,,,,,,42,Fear
275,2018-11-06,,,,,,,42,Fear
276,2018-11-07,,,,,,,48,Neutral
277,2018-11-08,,,,,,,51,Neutral
278,2018-11-09,,,,,,,47,Neutral
279,2018-11-10,,,,,,,52,Neutral
280,2018-11-11,,,,,,,54,Neutral
281,2018-11-12,,,,,,,52,Neutral
282,2018-11-13,,,,,,,56,Greed
283,2018-11-14,,,,,,,49,Neutral
284,2018-11-15,,,,,,,28,Fear
285,2018-11-16,,,,,,,23,Extreme Fear
286,2018-11-17,,,,,,,24,Extreme Fear
287,2018-11-18,,,,,,,26,Fear
288,2018-11-19,,,,,,,28,Fear
289,2018-11-20,,,,,,,21,Extreme Fear
290,2018-11-21,,,,,,,15,Extreme Fear
291,2018-11-22,,,,,,,14,Extreme Fear
292,2018-11-23,,,,,,,12,Extreme Fear
293,2018-11-24,,,,,,,15,Extreme Fear
294,2018-11-25,,,,,,,9,Extreme Fear
295,2018-11-26,,,,,,,17,Extreme Fear
296,2018-11-27,,,,,,,11,Extreme Fear
297,2018-11-28,,,,,,,14,Extreme Fear
298,2018-11-29,,,,,,,18,Extreme Fear
299,2018-11-30,,,,,,,19,Extreme Fear
300,2018-12-01,,,,,,,13,Extreme Fear
301,2018-12-02,,,,,,,15,Extreme Fear
302,2018-12-03,,,,,,,17,Extreme Fear
303,2018-12-04,,,,,,,12,Extreme Fear
304,2018-12-05,,,,,,,19,Extreme Fear
305,2018-12-06,,,,,,,13,Extreme Fear
306,2018-12-07,,,,,,,11,Extreme Fear
307,2018-12-08,,,,,,,11,Extreme Fear
308,2018-12-09,,,,,,,14,Extreme Fear
309,2018-12-10,,,,,,,19,Extreme Fear
310,2018-12-11,,,,,,,15,Extreme Fear
311,2018-12-12,,,,,,,14,Extreme Fear
312,2018-12-13,,,,,,,14,Extreme Fear
313,2018-12-14,,,,,,,10,Extreme Fear
314,2018-12-15,,,,,,,11,Extreme Fear
315,2018-12-16,,,,,,,13,Extreme Fear
316,2018-12-17,,,,,,,17,Extreme Fear
317,2018-12-18,,,,,,,23,Extreme Fear
318,2018-12-19,,,,,,,21,Extreme Fear
319,2018-12-20,,,,,,,27,Fear
320,2018-12-21,,,,,,,35,Fear
321,2018-12-22,,,,,,,28,Fear
322,2018-12-23,,,,,,,31,Fear
323,2018-12-24,,,,,,,25,Extreme Fear
324,2018-12-25,,,,,,,33,Fear
325,2018-12-26,,,,,,,26,Fear
326,2018-12-27,,,,,,,29,Fear
327,2018-12-28,,,,,,,21,Extreme Fear
328,2018-12-29,,,,,,,24,Extreme Fear
329,2018-12-30,,,,,,,23,Extreme Fear
330,2018-12-31,,,,,,,26,Fear
331,2019-01-01,,,,,,,24,Extreme Fear
332,2019-01-02,,,,,,,30,Fear
333,2019-01-03,,,,,,,33,Fear
334,2019-01-04,,,,,,,48,Neutral
335,2019-01-05,,,,,,,36,Fear
336,2019-01-06,,,,,,,31,Fear
337,2019-01-07,,,,,,,39,Fear
338,2019-01-08,,,,,,,39,Fear
339,2019-01-09,,,,,,,42,Fear
340,2019-01-10,,,,,,,37,Fear
341,2019-01-11,,,,,,,19,Extreme Fear
342,2019-01-12,,,,,,,22,Extreme Fear
343,2019-01-13,,,,,,,21,Extreme Fear
344,2019-01-14,,,,,,,16,Extreme Fear
345,2019-01-15,,,,,,,27,Fear
346,2019-01-16,,,,,,,24,Extreme Fear
347,2019-01-17,,,,,,,28,Fear
348,2019-01-18,,,,,,,29,Fear
349,2019-01-19,,,,,,,31,Fear
350,2019-01-20,,,,,,,35,Fear
351,2019-01-21,,,,,,,30,Fear
352,2019-01-22,,,,,,,27,Fear
353,2019-01-23,,,,,,,33,Fear
354,2019-01-24,,,,,,,37,Fear
355,2019-01-25,,,,,,,35,Fear
356,2019-01-26,,,,,,,41,Fear
357,2019-01-27,,,,,,,39,Fear
358,2019-01-28,,,,,,,35,Fear
359,2019-01-29,,,,,,,21,Extreme Fear
360,2019-01-30,,,,,,,22,Extreme Fear
361,2019-01-31,,,,,,,17,Extreme Fear
362,2019-02-01,,,,,,,23,Extreme Fear
363,2019-02-02,,,,,,,22,Extreme Fear
364,2019-02-03,,,,,,,19,Extreme Fear
365,2019-02-04,,,,,,,27,Fear
366,2019-02-05,,,,,,,21,Extreme Fear
367,2019-02-06,,,,,,,14,Extreme Fear
368,2019-02-07,,,,,,,18,Extreme Fear
369,2019-02-08,,,,,,,37,Fear
370,2019-02-09,,,,,,,42,Fear
371,2019-02-10,,,,,,,40,Fear
372,2019-02-11,,,,,,,46,Fear
373,2019-02-12,,,,,,,38,Fear
374,2019-02-13,,,,,,,48,Neutral
375,2019-02-14,,,,,,,48,Neutral
376,2019-02-15,,,,,,,43,Fear
377,2019-02-16,,,,,,,43,Fear
378,2019-02-17,,,,,,,38,Fear
379,2019-02-18,,,,,,,63,Greed
380,2019-02-19,,,,,,,65,Greed
381,2019-02-20,,,,,,,59,Greed
382,2019-02-21,,,,,,,59,Greed
383,2019-02-22,,,,,,,61,Greed
384,2019-02-23,,,,,,,63,Greed
385,2019-02-24,,,,,,,69,Greed
386,2019-02-25,,,,,,,47,Neutral
387,2019-02-26,,,,,,,40,Fear
388,2019-02-27,,,,,,,39,Fear
389,2019-02-28,,,,,,,39,Fear
390,2019-03-01,,,,,,,42,Fear
391,2019-03-02,,,,,,,41,Fear
392,2019-03-03,,,,,,,44,Fear
393,2019-03-04,,,,,,,36,Fear
394,2019-03-05,,,,,,,35,Fear
395,2019-03-06,,,,,,,42,Fear
396,2019-03-07,,,,,,,56,Greed
397,2019-03-08,,,,,,,54,Neutral
398,2019-03-09,,,,,,,55,Greed
399,2019-03-10,,,,,,,55,Greed
400,2019-03-11,,,,,,,56,Greed
401,2019-03-12,,,,,,,56,Greed
402,2019-03-13,,,,,,,54,Neutral
403,2019-03-14,,,,,,,55,Greed
404,2019-03-15,,,,,,,55,Greed
405,2019-03-16,,,,,,,54,Neutral
406,2019-03-17,,,,,,,58,Greed
407,2019-03-18,,,,,,,56,Greed
408,2019-03-19,,,,,,,56,Greed
409,2019-03-20,,,,,,,55,Greed
410,2019-03-21,,,,,,,62,Greed
411,2019-03-22,,,,,,,56,Greed
412,2019-03-23,,,,,,,50,Neutral
413,2019-03-24,,,,,,,44,Fear
414,2019-03-25,,,,,,,46,Fear
415,2019-03-26,,,,,,,43,Fear
416,2019-03-27,,,,,,,44,Fear
417,2019-03-28,,,,,,,49,Neutral
418,2019-03-29,,,,,,,50,Neutral
419,2019-03-30,,,,,,,57,Greed
420,2019-03-31,,,,,,,56,Greed
421,2019-04-01,,,,,,,62,Greed
422,2019-04-02,,,,,,,60,Greed
423,2019-04-03,,,,,,,71,Greed
424,2019-04-04,,,,,,,61,Greed
425,2019-04-05,,,,,,,59,Greed
426,2019-04-06,,,,,,,65,Greed
427,2019-04-07,,,,,,,69,Greed
428,2019-04-08,,,,,,,65,Greed
429,2019-04-09,,,,,,,64,Greed
430,2019-04-10,,,,,,,62,Greed
431,2019-04-11,,,,,,,65,Greed
432,2019-04-12,,,,,,,42,Fear
433,2019-04-13,,,,,,,62,Greed
434,2019-04-14,,,,,,,51,Neutral
435,2019-04-15,,,,,,,60,Greed
436,2019-04-16,,,,,,,50,Neutral
437,2019-04-17,,,,,,,61,Greed
438,2019-04-18,,,,,,,64,Greed
439,2019-04-19,,,,,,,61,Greed
440,2019-04-20,,,,,,,62,Greed
441,2019-04-21,,,,,,,62,Greed
442,2019-04-22,,,,,,,61,Greed
443,2019-04-23,,,,,,,68,Greed
444,2019-04-24,,,,,,,65,Greed
445,2019-04-25,,,,,,,58,Greed
446,2019-04-26,,,,,,,41,Fear
447,2019-04-27,,,,,,,42,Fear
448,2019-04-28,,,,,,,40,Fear
449,2019-04-29,,,,,,,42,Fear
450,2019-04-30,,,,,,,42,Fear
451,2019-05-01,,,,,,,51,Neutral
452,2019-05-02,,,,,,,50,Neutral
453,2019-05-03,,,,,,,63,Greed
454,2019-05-04,,,,,,,66,Greed
455,2019-05-05,,,,,,,67,Greed
456,2019-05-06,,,,,,,57,Greed
457,2019-05-07,,,,,,,69,Greed
458,2019-05-08,,,,,,,63,Greed
459,2019-05-09,,,,,,,69,Greed
460,2019-05-10,,,,,,,71,Greed
461,2019-05-11,,,,,,,76,Extreme Greed
462,2019-05-12,,,,,,,75,Greed
463,2019-05-13,,,,,,,78,Extreme Greed
464,2019-05-14,,,,,,,78,Extreme Greed
465,2019-05-15,,,,,,,77,Extreme Greed
466,2019-05-16,,,,,,,75,Greed
467,2019-05-17,,,,,,,65,Greed
468,2019-05-18,,,,,,,67,Greed
469,2019-05-19,,,,,,,70,Greed
470,2019-05-20,,,,,,,73,Greed
471,2019-05-21,,,,,,,68,Greed
472,2019-05-22,,,,,,,69,Greed
473,2019-05-23,,,,,,,65,Greed
474,2019-05-24,,,,,,,64,Greed
475,2019-05-25,,,,,,,69,Greed
476,2019-05-26,,,,,,,67,Greed
477,2019-05-27,,,,,,,70,Greed
478,2019-05-28,,,,,,,71,Greed
479,2019-05-29,,,,,,,71,Greed
480,2019-05-30,,,,,,,73,Greed
481,2019-05-31,,,,,,,61,Greed
482,2019-06-01,,,,,,,62,Greed
483,2019-06-02,,,,,,,63,Greed
484,2019-06-03,,,,,,,66,Greed
485,2019-06-04,,,,,,,42,Fear
486,2019-06-05,,,,,,,27,Fear
487,2019-06-06,,,,,,,34,Fear
488,2019-06-07,,,,,,,27,Fear
489,2019-06-08,,,,,,,62,Greed
490,2019-06-09,,,,,,,62,Greed
491,2019-06-10,,,,,,,46,Fear
492,2019-06-11,,,,,,,61,Greed
493,2019-06-12,,,,,,,60,Greed
494,2019-06-13,,,,,,,63,Greed
495,2019-06-14,,,,,,,67,Greed
496,2019-06-15,,,,,,,75,Greed
497,2019-06-16,,,,,,,80,Extreme Greed
498,2019-06-17,,,,,,,84,Extreme Greed
499,2019-06-18,,,,,,,83,Extreme Greed
500,2019-06-19,,,,,,,82,Extreme Greed
501,2019-06-20,,,,,,,81,Extreme Greed
502,2019-06-21,,,,,,,84,Extreme Greed
503,2019-06-22,,,,,,,83,Extreme Greed
504,2019-06-23,,,,,,,84,Extreme Greed
505,2019-06-24,,,,,,,80,Extreme Greed
506,2019-06-25,,,,,,,87,Extreme Greed
507,2019-06-26,,,,,,,95,Extreme Greed
508,2019-06-27,,,,,,,92,Extreme Greed
509,2019-06-28,,,,,,,62,Greed
510,2019-06-29,,,,,,,74,Greed
511,2019-06-30,,,,,,,78,Extreme Greed
512,2019-07-01,,,,,,,65,Greed
513,2019-07-02,,,,,,,63,Greed
514,2019-07-03,,,,,,,79,Extreme Greed
515,2019-07-04,,,,,,,76,Extreme Greed
516,2019-07-05,,,,,,,67,Greed
517,2019-07-06,,,,,,,72,Greed
518,2019-07-07,,,,,,,67,Greed
519,2019-07-08,,,,,,,74,Greed
520,2019-07-09,,,,,,,84,Extreme Greed
521,2019-07-10,,,,,,,83,Extreme Greed
522,2019-07-11,,,,,,,62,Greed
523,2019-07-12,,,,,,,33,Fear
524,2019-07-13,,,,,,,65,Greed
525,2019-07-14,,,,,,,61,Greed
526,2019-07-15,,,,,,,16,Extreme Fear
527,2019-07-16,,,,,,,34,Fear
528,2019-07-17,,,,,,,19,Extreme Fear
529,2019-07-18,,,,,,,40,Fear
530,2019-07-19,,,,,,,42,Fear
531,2019-07-20,,,,,,,34,Fear
532,2019-07-21,,,,,,,42,Fear
533,2019-07-22,,,,,,,42,Fear
534,2019-07-23,,,,,,,40,Fear
535,2019-07-24,,,,,,,20,Extreme Fear
536,2019-07-25,,,,,,,42,Fear
537,2019-07-26,,,,,,,24,Extreme Fear
538,2019-07-27,,,,,,,47,Neutral
539,2019-07-28,,,,,,,16,Extreme Fear
540,2019-07-29,,,,,,,19,Extreme Fear
541,2019-07-30,,,,,,,22,Extreme Fear
542,2019-07-31,,,,,,,31,Fear
543,2019-08-01,,,,,,,57,Greed
544,2019-08-02,,,,,,,61,Greed
545,2019-08-03,,,,,,,61,Greed
546,2019-08-04,,,,,,,62,Greed
547,2019-08-05,,,,,,,64,Greed
548,2019-08-06,,,,,,,66,Greed
549,2019-08-07,,,,,,,45,Fear
550,2019-08-08,,,,,,,61,Greed
551,2019-08-09,,,,,,,60,Greed
552,2019-08-10,,,,,,,59,Greed
553,2019-08-11,,,,,,,45,Fear
554,2019-08-12,,,,,,,48,Neutral
555,2019-08-13,,,,,,,45,Fear
556,2019-08-14,,,,,,,11,Extreme Fear
557,2019-08-15,,,,,,,13,Extreme Fear
558,2019-08-16,,,,,,,31,Fear
559,2019-08-17,,,,,,,20,Extreme Fear
560,2019-08-18,,,,,,,14,Extreme Fear
561,2019-08-19,,,,,,,30,Fear
562,2019-08-20,,,,,,,39,Fear
563,2019-08-21,,,,,,,11,Extreme Fear
564,2019-08-22,,,,,,,5,Extreme Fear
565,2019-08-23,,,,,,,33,Fear
566,2019-08-24,,,,,,,39,Fear
567,2019-08-25,,,,,,,33,Fear
568,2019-08-26,,,,,,,41,Fear
569,2019-08-27,,,,,,,30,Fear
570,2019-08-28,,,,,,,32,Fear
571,2019-08-29,,,,,,,20,Extreme Fear
572,2019-08-30,,,,,,,24,Extreme Fear
573,2019-08-31,,,,,,,20,Extreme Fear
574,2019-09-01,,,,,,,24,Extreme Fear
575,2019-09-02,,,,,,,28,Fear
576,2019-09-03,,,,,,,41,Fear
577,2019-09-04,,,,,,,43,Fear
578,2019-09-05,,,,,,,41,Fear
579,2019-09-06,,,,,,,43,Fear
580,2019-09-07,,,,,,,39,Fear
581,2019-09-08,,,,,,,43,Fear
582,2019-09-09,,,,,,,41,Fear
583,2019-09-10,,,,,,,41,Fear
584,2019-09-11,,,,,,,38,Fear
585,2019-09-12,,,,,,,39,Fear
586,2019-09-13,,,,,,,38,Fear
587,2019-09-14,,,,,,,39,Fear
588,2019-09-15,,,,,,,38,Fear
589,2019-09-16,,,,,,,38,Fear
590,2019-09-17,,,,,,,41,Fear
591,2019-09-18,,,,,,,38,Fear
592,2019-09-19,,,,,,,31,Fear
593,2019-09-20,,,,,,,41,Fear
594,2019-09-21,,,,,,,37,Fear
595,2019-09-22,,,,,,,37,Fear
596,2019-09-23,,,,,,,41,Fear
597,2019-09-24,,,,,,,39,Fear
598,2019-09-25,,,,,,,15,Extreme Fear
599,2019-09-26,,,,,,,12,Extreme Fear
600,2019-09-27,,,,,,,24,Extreme Fear
601,2019-09-28,,,,,,,32,Fear
602,2019-09-29,,,,,,,33,Fear
603,2019-09-30,,,,,,,27,Fear
604,2019-10-01,,,,,,,38,Fear
605,2019-10-02,,,,,,,39,Fear
606,2019-10-03,,,,,,,37,Fear
607,2019-10-04,,,,,,,30,Fear
608,2019-10-05,,,,,,,31,Fear
609,2019-10-06,,,,,,,32,Fear
610,2019-10-07,,,,,,,27,Fear
611,2019-10-08,,,,,,,39,Fear
612,2019-10-09,,,,,,,37,Fear
613,2019-10-10,,,,,,,41,Fear
614,2019-10-11,,,,,,,39,Fear
615,2019-10-12,,,,,,,38,Fear
616,2019-10-13,,,,,,,38,Fear
617,2019-10-14,,,,,,,37,Fear
618,2019-10-15,,,,,,,39,Fear
619,2019-10-16,,,,,,,40,Fear
620,2019-10-17,,,,,,,40,Fear
621,2019-10-18,,,,,,,40,Fear
622,2019-10-19,,,,,,,41,Fear
623,2019-10-20,,,,,,,37,Fear
624,2019-10-21,,,,,,,37,Fear
625,2019-10-22,,,,,,,39,Fear
626,2019-10-23,,,,,,,33,Fear
627,2019-10-24,,,,,,,20,Extreme Fear
628,2019-10-25,,,,,,,24,Extreme Fear
629,2019-10-26,,,,,,,53,Neutral
630,2019-10-27,,,,,,,50,Neutral
631,2019-10-28,,,,,,,52,Neutral
632,2019-10-29,,,,,,,54,Neutral
633,2019-10-30,,,,,,,53,Neutral
634,2019-10-31,,,,,,,50,Neutral
635,2019-11-01,,,,,,,49,Neutral
636,2019-11-02,,,,,,,51,Neutral
637,2019-11-03,,,,,,,56,Greed
638,2019-11-04,,,,,,,49,Neutral
639,2019-11-05,,,,,,,54,Neutral
640,2019-11-06,,,,,,,53,Neutral
641,2019-11-07,,,,,,,54,Neutral
642,2019-11-08,,,,,,,42,Fear
643,2019-11-09,,,,,,,38,Fear
644,2019-11-10,,,,,,,39,Fear
645,2019-11-11,,,,,,,40,Fear
646,2019-11-12,,,,,,,39,Fear
647,2019-11-13,,,,,,,38,Fear
648,2019-11-14,,,,,,,41,Fear
649,2019-11-15,,,,,,,38,Fear
650,2019-11-16,,,,,,,41,Fear
651,2019-11-17,,,,,,,38,Fear
652,2019-11-18,,,,,,,38,Fear
653,2019-11-19,,,,,,,32,Fear
654,2019-11-20,,,,,,,32,Fear
655,2019-11-21,,,,,,,30,Fear
656,2019-11-22,,,,,,,20,Extreme Fear
657,2019-11-23,,,,,,,23,Extreme Fear
658,2019-11-24,,,,,,,21,Extreme Fear
659,2019-11-25,,,,,,,17,Extreme Fear
660,2019-11-26,,,,,,,21,Extreme Fear
661,2019-11-27,,,,,,,20,Extreme Fear
662,2019-11-28,,,,,,,32,Fear
663,2019-11-29,,,,,,,31,Fear
664,2019-11-30,,,,,,,38,Fear
665,2019-12-01,,,,,,,25,Extreme Fear
666,2019-12-02,,,,,,,28,Fear
667,2019-12-03,,,,,,,28,Fear
668,2019-12-04,,,,,,,24,Extreme Fear
669,2019-12-05,,,,,,,21,Extreme Fear
670,2019-12-06,,,,,,,29,Fear
671,2019-12-07,,,,,,,32,Fear
672,2019-12-08,,,,,,,28,Fear
673,2019-12-09,,,,,,,32,Fear
674,2019-12-10,,,,,,,26,Fear
675,2019-12-11,,,,,,,20,Extreme Fear
676,2019-12-12,,,,,,,23,Extreme Fear
677,2019-12-13,,,,,,,22,Extreme Fear
678,2019-12-14,,,,,,,27,Fear
679,2019-12-15,,,,,,,21,Extreme Fear
680,2019-12-16,,,,,,,24,Extreme Fear
681,2019-12-17,,,,,,,23,Extreme Fear
682,2019-12-18,,,,,,,15,Extreme Fear
683,2019-12-19,,,,,,,21,Extreme Fear
684,2019-12-20,,,,,,,23,Extreme Fear
685,2019-12-21,,,,,,,23,Extreme Fear
686,2019-12-22,,,,,,,20,Extreme Fear
687,2019-12-23,,,,,,,33,Fear
688,2019-12-24,,,,,,,25,Extreme Fear
689,2019-12-25,,,,,,,22,Extreme Fear
690,2019-12-26,,,,,,,39,Fear
691,2019-12-27,,,,,,,38,Fear
692,2019-12-28,,,,,,,37,Fear
693,2019-12-29,,,,,,,37,Fear
694,2019-12-30,,,,,,,40,Fear
695,2019-12-31,,,,,,,38,Fear
696,2020-01-01,,,,,,,37,Fear
697,2020-01-02,,,,,,,39,Fear
698,2020-01-03,,,,,,,38,Fear
699,2020-01-04,,,,,,,38,Fear
700,2020-01-05,,,,,,,39,Fear
701,2020-01-06,,,,,,,41,Fear
702,2020-01-07,,,,,,,40,Fear
703,2020-01-08,,,,,,,51,Neutral
704,2020-01-09,,,,,,,44,Fear
705,2020-01-10,,,,,,,41,Fear
706,2020-01-11,,,,,,,50,Neutral
707,2020-01-12,,,,,,,45,Fear
708,2020-01-13,,,,,,,49,Neutral
709,2020-01-14,,,,,,,56,Greed
710,2020-01-15,,,,,,,54,Neutral
711,2020-01-16,,,,,,,55,Greed
712,2020-01-17,,,,,,,54,Neutral
713,2020-01-18,,,,,,,51,Neutral
714,2020-01-19,,,,,,,53,Neutral
715,2020-01-20,,,,,,,48,Neutral
716,2020-01-21,,,,,,,49,Neutral
717,2020-01-22,,,,,,,52,Neutral
718,2020-01-23,,,,,,,49,Neutral
719,2020-01-24,,,,,,,40,Fear
720,2020-01-25,,,,,,,41,Fear
721,2020-01-26,,,,,,,42,Fear
722,2020-01-27,,,,,,,50,Neutral
723,2020-01-28,,,,,,,54,Neutral
724,2020-01-29,,,,,,,57,Greed
725,2020-01-30,,,,,,,57,Greed
726,2020-01-31,,,,,,,55,Greed
727,2020-02-01,,,,,,,57,Greed
728,2020-02-02,,,,,,,57,Greed
729,2020-02-03,,,,,,,59,Greed
730,2020-02-04,,,,,,,56,Greed
731,2020-02-05,,,,,,,53,Neutral
732,2020-02-06,,,,,,,61,Greed
733,2020-02-07,,,,,,,56,Greed
734,2020-02-08,,,,,,,56,Greed
735,2020-02-09,,,,,,,56,Greed
736,2020-02-10,,,,,,,57,Greed
737,2020-02-11,,,,,,,52,Neutral
738,2020-02-12,,,,,,,61,Greed
739,2020-02-13,,,,,,,65,Greed
740,2020-02-14,,,,,,,63,Greed
741,2020-02-15,,,,,,,64,Greed
742,2020-02-16,,,,,,,59,Greed
743,2020-02-17,,,,,,,49,Neutral
744,2020-02-18,,,,,,,53,Neutral
745,2020-02-19,,,,,,,50,Neutral
746,2020-02-20,,,,,,,44,Fear
747,2020-02-21,,,,,,,44,Fear
748,2020-02-22,,,,,,,43,Fear
749,2020-02-23,,,,,,,46,Fear
750,2020-02-24,,,,,,,46,Fear
751,2020-02-25,,,,,,,44,Fear
752,2020-02-26,,,,,,,41,Fear
753,2020-02-27,,,,,,,39,Fear
754,2020-02-28,,,,,,,40,Fear
755,2020-02-29,,,,,,,38,Fear
756,2020-03-01,,,,,,,39,Fear
757,2020-03-02,,,,,,,38,Fear
758,2020-03-03,,,,,,,38,Fear
759,2020-03-04,,,,,,,40,Fear
760,2020-03-05,,,,,,,41,Fear
761,2020-03-06,,,,,,,39,Fear
762,2020-03-07,,,,,,,38,Fear
763,2020-03-08,,,,,,,33,Fear
764,2020-03-09,,,,,,,17,Extreme Fear
765,2020-03-10,,,,,,,16,Extreme Fear
766,2020-03-11,,,,,,,17,Extreme Fear
767,2020-03-12,,,,,,,14,Extreme Fear
768,2020-03-13,,,,,,,10,Extreme Fear
769,2020-03-14,,,,,,,8,Extreme Fear
770,2020-03-15,,,,,,,12,Extreme Fear
771,2020-03-16,,,,,,,9,Extreme Fear
772,2020-03-17,,,,,,,8,Extreme Fear
773,2020-03-18,,,,,,,11,Extreme Fear
774,2020-03-19,,,,,,,12,Extreme Fear
775,2020-03-20,,,,,,,9,Extreme Fear
776,2020-03-21,,,,,,,9,Extreme Fear
777,2020-03-22,,,,,,,11,Extreme Fear
778,2020-03-23,,,,,,,10,Extreme Fear
779,2020-03-24,,,,,,,12,Extreme Fear
780,2020-03-25,,,,,,,13,Extreme Fear
781,2020-03-26,,,,,,,14,Extreme Fear
782,2020-03-27,,,,,,,12,Extreme Fear
783,2020-03-28,,,,,,,8,Extreme Fear
784,2020-03-29,,,,,,,12,Extreme Fear
785,2020-03-30,,,,,,,10,Extreme Fear
786,2020-03-31,,,,,,,12,Extreme Fear
787,2020-04-01,,,,,,,12,Extreme Fear
788,2020-04-02,,,,,,,14,Extreme Fear
789,2020-04-03,,,,,,,14,Extreme Fear
790,2020-04-04,,,,,,,12,Extreme Fear
791,2020-04-05,,,,,,,12,Extreme Fear
792,2020-04-06,,,,,,,12,Extreme Fear
793,2020-04-07,,,,,,,20,Extreme Fear
794,2020-04-08,,,,,,,21,Extreme Fear
795,2020-04-09,,,,,,,22,Extreme Fear
796,2020-04-10,,,,,,,15,Extreme Fear
797,2020-04-11,,,,,,,15,Extreme Fear
798,2020-04-12,,,,,,,10,Extreme Fear
799,2020-04-13,,,,,,,11,Extreme Fear
800,2020-04-14,,,,,,,15,Extreme Fear
801,2020-04-15,,,,,,,18,Extreme Fear
802,2020-04-16,,,,,,,13,Extreme Fear
803,2020-04-17,,,,,,,15,Extreme Fear
804,2020-04-18,,,,,,,18,Extreme Fear
805,2020-04-19,,,,,,,16,Extreme Fear
806,2020-04-20,,,,,,,15,Extreme Fear
807,2020-04-21,,,,,,,17,Extreme Fear
808,2020-04-22,,,,,,,19,Extreme Fear
809,2020-04-23,,,,,,,19,Extreme Fear
810,2020-04-24,,,,,,,20,Extreme Fear
811,2020-04-25,,,,,,,24,Extreme Fear
812,2020-04-26,,,,,,,21,Extreme Fear
813,2020-04-27,,,,,,,28,Fear
814,2020-04-28,,,,,,,26,Fear
815,2020-04-29,,,,,,,26,Fear
816,2020-04-30,,,,,,,44,Fear
817,2020-05-01,,,,,,,40,Fear
818,2020-05-02,,,,,,,40,Fear
819,2020-05-03,,,,,,,45,Fear
820,2020-05-04,,,,,,,44,Fear
821,2020-05-05,,,,,,,40,Fear
822,2020-05-06,,,,,,,42,Fear
823,2020-05-07,,,,,,,49,Neutral
824,2020-05-08,,,,,,,55,Greed
825,2020-05-09,,,,,,,56,Greed
826,2020-05-10,,,,,,,48,Neutral
827,2020-05-11,,,,,,,40,Fear
828,2020-05-12,,,,,,,39,Fear
829,2020-05-13,,,,,,,41,Fear
830,2020-05-14,,,,,,,40,Fear
831,2020-05-15,,,,,,,44,Fear
832,2020-05-16,,,,,,,41,Fear
833,2020-05-17,,,,,,,40,Fear
834,2020-05-18,,,,,,,50,Neutral
835,2020-05-19,,,,,,,50,Neutral
836,2020-05-20,,,,,,,52,Neutral
837,2020-05-21,,,,,,,49,Neutral
838,2020-05-22,,,,,,,42,Fear
839,2020-05-23,,,,,,,40,Fear
840,2020-05-24,,,,,,,43,Fear
841,2020-05-25,,,,,,,41,Fear
842,2020-05-26,,,,,,,39,Fear
843,2020-05-27,,,,,,,39,Fear
844,2020-05-28,,,,,,,41,Fear
845,2020-05-29,,,,,,,48,Neutral
846,2020-05-30,,,,,,,48,Neutral
847,2020-05-31,,,,,,,51,Neutral
848,2020-06-01,,,,,,,50,Neutral
849,2020-06-02,,,,,,,56,Greed
850,2020-06-03,,,,,,,48,Neutral
851,2020-06-04,,,,,,,54,Neutral
852,2020-06-05,,,,,,,53,Neutral
853,2020-06-06,,,,,,,54,Neutral
854,2020-06-07,,,,,,,54,Neutral
855,2020-06-08,,,,,,,53,Neutral
856,2020-06-09,,,,,,,52,Neutral
857,2020-06-10,,,,,,,54,Neutral
858,2020-06-11,,,,,,,52,Neutral
859,2020-06-12,,,,,,,38,Fear
860,2020-06-13,,,,,,,38,Fear
861,2020-06-14,,,,,,,40,Fear
862,2020-06-15,,,,,,,37,Fear
863,2020-06-16,,,,,,,39,Fear
864,2020-06-17,,,,,,,38,Fear
865,2020-06-18,,,,,,,40,Fear
866,2020-06-19,,,,,,,39,Fear
867,2020-06-20,,,,,,,38,Fear
868,2020-06-21,,,,,,,37,Fear
869,2020-06-22,,,,,,,38,Fear
870,2020-06-23,,,,,,,41,Fear
871,2020-06-24,,,,,,,50,Neutral
872,2020-06-25,,,,,,,43,Fear
873,2020-06-26,,,,,,,40,Fear
874,2020-06-27,,,,,,,43,Fear
875,2020-06-28,,,,,,,40,Fear
876,2020-06-29,,,,,,,41,Fear
877,2020-06-30,,,,,,,44,Fear
878,2020-07-01,,,,,,,42,Fear
879,2020-07-02,,,,,,,42,Fear
880,2020-07-03,,,,,,,41,Fear
881,2020-07-04,,,,,,,40,Fear
882,2020-07-05,,,,,,,38,Fear
883,2020-07-06,,,,,,,40,Fear
884,2020-07-07,,,,,,,43,Fear
885,2020-07-08,,,,,,,44,Fear
886,2020-07-09,,,,,,,44,Fear
887,2020-07-10,,,,,,,41,Fear
888,2020-07-11,,,,,,,44,Fear
889,2020-07-12,,,,,,,41,Fear
890,2020-07-13,,,,,,,43,Fear
891,2020-07-14,,,,,,,43,Fear
892,2020-07-15,,,,,,,44,Fear
893,2020-07-16,,,,,,,43,Fear
894,2020-07-17,,,,,,,41,Fear
895,2020-07-18,,,,,,,44,Fear
896,2020-07-19,,,,,,,41,Fear
897,2020-07-20,,,,,,,44,Fear
898,2020-07-21,,,,,,,44,Fear
899,2020-07-22,,,,,,,50,Neutral
900,2020-07-23,,,,,,,55,Greed
901,2020-07-24,,,,,,,53,Neutral
902,2020-07-25,,,,,,,55,Greed
903,2020-07-26,,,,,,,55,Greed
904,2020-07-27,,,,,,,58,Greed
905,2020-07-28,,,,,,,76,Extreme Greed
906,2020-07-29,,,,,,,71,Greed
907,2020-07-30,,,,,,,76,Extreme Greed
908,2020-07-31,,,,,,,75,Greed
909,2020-08-01,,,,,,,75,Greed
910,2020-08-02,,,,,,,80,Extreme Greed
911,2020-08-03,,,,,,,75,Greed
912,2020-08-04,,,,,,,72,Greed
913,2020-08-05,,,,,,,75,Greed
914,2020-08-06,,,,,,,79,Extreme Greed
915,2020-08-07,,,,,,,77,Extreme Greed
916,2020-08-08,,,,,,,77,Extreme Greed
917,2020-08-09,,,,,,,79,Extreme Greed
918,2020-08-10,,,,,,,78,Extreme Greed
919,2020-08-11,,,,,,,84,Extreme Greed
920,2020-08-12,,,,,,,75,Greed
921,2020-08-13,,,,,,,75,Greed
922,2020-08-14,,,,,,,78,Extreme Greed
923,2020-08-15,,,,,,,79,Extreme Greed
924,2020-08-16,,,,,,,82,Extreme Greed
925,2020-08-17,,,,,,,83,Extreme Greed
926,2020-08-18,,,,,,,82,Extreme Greed
927,2020-08-19,,,,,,,80,Extreme Greed
928,2020-08-20,,,,,,,75,Greed
929,2020-08-21,,,,,,,81,Extreme Greed
930,2020-08-22,,,,,,,78,Extreme Greed
931,2020-08-23,,,,,,,76,Extreme Greed
932,2020-08-24,,,,,,,78,Extreme Greed
933,2020-08-25,,,,,,,75,Greed
934,2020-08-26,,,,,,,76,Extreme Greed
935,2020-08-27,,,,,,,75,Greed
936,2020-08-28,,,,,,,74,Greed
937,2020-08-29,,,,,,,79,Extreme Greed
938,2020-08-30,,,,,,,75,Greed
939,2020-08-31,,,,,,,75,Greed
940,2020-09-01,,,,,,,75,Greed
941,2020-09-02,,,,,,,83,Extreme Greed
942,2020-09-03,,,,,,,79,Extreme Greed
943,2020-09-04,,,,,,,40,Fear
944,2020-09-05,,,,,,,41,Fear
945,2020-09-06,,,,,,,41,Fear
946,2020-09-07,,,,,,,41,Fear
947,2020-09-08,,,,,,,41,Fear
948,2020-09-09,,,,,,,38,Fear
949,2020-09-10,,,,,,,38,Fear
950,2020-09-11,,,,,,,41,Fear
951,2020-09-12,,,,,,,41,Fear
952,2020-09-13,,,,,,,38,Fear
953,2020-09-14,,,,,,,39,Fear
954,2020-09-15,,,,,,,47,Neutral
955,2020-09-16,,,,,,,43,Fear
956,2020-09-17,,,,,,,48,Neutral
957,2020-09-18,,,,,,,49,Neutral
958,2020-09-19,,,,,,,48,Neutral
959,2020-09-20,,,,,,,52,Neutral
960,2020-09-21,,,,,,,48,Neutral
961,2020-09-22,,,,,,,39,Fear
962,2020-09-23,,,,,,,43,Fear
963,2020-09-24,,,,,,,39,Fear
964,2020-09-25,,,,,,,46,Fear
965,2020-09-26,,,,,,,45,Fear
966,2020-09-27,,,,,,,47,Neutral
967,2020-09-28,,,,,,,43,Fear
968,2020-09-29,,,,,,,45,Fear
969,2020-09-30,,,,,,,49,Neutral
970,2020-10-01,,,,,,,45,Fear
971,2020-10-02,,,,,,,41,Fear
972,2020-10-03,,,,,,,40,Fear
973,2020-10-04,,,,,,,42,Fear
974,2020-10-05,,,,,,,42,Fear
975,2020-10-06,,,,,,,47,Neutral
976,2020-10-07,,,,,,,43,Fear
977,2020-10-08,,,,,,,46,Fear
978,2020-10-09,,,,,,,48,Neutral
979,2020-10-10,,,,,,,53,Neutral
980,2020-10-11,,,,,,,55,Greed
981,2020-10-12,,,,,,,52,Neutral
982,2020-10-13,,,,,,,56,Greed
983,2020-10-14,,,,,,,53,Neutral
984,2020-10-15,,,,,,,56,Greed
985,2020-10-16,,,,,,,52,Neutral
986,2020-10-17,,,,,,,56,Greed
987,2020-10-18,,,,,,,55,Greed
988,2020-10-19,,,,,,,55,Greed
989,2020-10-20,,,,,,,56,Greed
990,2020-10-21,,,,,,,61,Greed
991,2020-10-22,,,,,,,73,Greed
992,2020-10-23,,,,,,,74,Greed
993,2020-10-24,,,,,,,73,Greed
994,2020-10-25,,,,,,,76,Extreme Greed
995,2020-10-26,,,,,,,75,Greed
996,2020-10-27,,,,,,,61,Greed
997,2020-10-28,,,,,,,70,Greed
998,2020-10-29,,,,,,,67,Greed
999,2020-10-30,,,,,,,74,Greed
1000,2020-10-31,,,,,,,73,Greed
1001,2020-11-01,,,,,,,72,Greed
1002,2020-11-02,,,,,,,71,Greed
1003,2020-11-03,,,,,,,71,Greed
1004,2020-11-04,,,,,,,74,Greed
1005,2020-11-05,,,,,,,72,Greed
1006,2020-11-06,,,,,,,90,Extreme Greed
1007,2020-11-07,,,,,,,88,Extreme Greed
1008,2020-11-08,,,,,,,82,Extreme Greed
1009,2020-11-09,,,,,,,90,Extreme Greed
1010,2020-11-10,,,,,,,90,Extreme Greed
1011,2020-11-11,,,,,,,86,Extreme Greed
1012,2020-11-12,,,,,,,87,Extreme Greed
1013,2020-11-13,,,,,,,89,Extreme Greed
1014,2020-11-14,,,,,,,90,Extreme Greed
1015,2020-11-15,,,,,,,86,Extreme Greed
1016,2020-11-16,,,,,,,90,Extreme Greed
1017,2020-11-17,,,,,,,86,Extreme Greed
1018,2020-11-18,,,,,,,91,Extreme Greed
1019,2020-11-19,,,,,,,94,Extreme Greed
1020,2020-11-20,,,,,,,86,Extreme Greed
1021,2020-11-21,,,,,,,91,Extreme Greed
1022,2020-11-22,,,,,,,94,Extreme Greed
1023,2020-11-23,,,,,,,90,Extreme Greed
1024,2020-11-24,,,,,,,88,Extreme Greed
1025,2020-11-25,,,,,,,94,Extreme Greed
1026,2020-11-26,,,,,,,93,Extreme Greed
1027,2020-11-27,,,,,,,86,Extreme Greed
1028,2020-11-28,,,,,,,87,Extreme Greed
1029,2020-11-29,,,,,,,89,Extreme Greed
1030,2020-11-30,,,,,,,88,Extreme Greed
1031,2020-12-01,,,,,,,95,Extreme Greed
1032,2020-12-02,,,,,,,92,Extreme Greed
1033,2020-12-03,,,,,,,92,Extreme Greed
1034,2020-12-04,,,,,,,92,Extreme Greed
1035,2020-12-05,,,,,,,93,Extreme Greed
1036,2020-12-06,,,,,,,95,Extreme Greed
1037,2020-12-07,,,,,,,94,Extreme Greed
1038,2020-12-08,,,,,,,95,Extreme Greed
1039,2020-12-09,,,,,,,86,Extreme Greed
1040,2020-12-10,,,,,,,94,Extreme Greed
1041,2020-12-11,,,,,,,89,Extreme Greed
1042,2020-12-12,,,,,,,90,Extreme Greed
1043,2020-12-13,,,,,,,91,Extreme Greed
1044,2020-12-14,,,,,,,95,Extreme Greed
1045,2020-12-15,,,,,,,91,Extreme Greed
1046,2020-12-16,,,,,,,92,Extreme Greed
1047,2020-12-17,,,,,,,92,Extreme Greed
1048,2020-12-18,,,,,,,95,Extreme Greed
1049,2020-12-19,,,,,,,93,Extreme Greed
1050,2020-12-20,,,,,,,92,Extreme Greed
1051,2020-12-21,,,,,,,92,Extreme Greed
1052,2020-12-22,,,,,,,88,Extreme Greed
1053,2020-12-23,,,,,,,93,Extreme Greed
1054,2020-12-24,,,,,,,86,Extreme Greed
1055,2020-12-25,,,,,,,94,Extreme Greed
1056,2020-12-26,,,,,,,93,Extreme Greed
1057,2020-12-27,,,,,,,91,Extreme Greed
1058,2020-12-28,,,,,,,92,Extreme Greed
1059,2020-12-29,,,,,,,91,Extreme Greed
1060,2020-12-30,,,,,,,91,Extreme Greed
1061,2020-12-31,,,,,,,95,Extreme Greed
1062,2021-01-01,,,,,,,94,Extreme Greed
1063,2021-01-02,,,,,,,94,Extreme Greed
1064,2021-01-03,,,,,,,93,Extreme Greed
1065,2021-01-04,,,,,,,94,Extreme Greed
1066,2021-01-05,,,,,,,93,Extreme Greed
1067,2021-01-06,,,,,,,95,Extreme Greed
1068,2021-01-07,,,,,,,91,Extreme Greed
1069,2021-01-08,,,,,,,93,Extreme Greed
1070,2021-01-09,,,,,,,93,Extreme Greed
1071,2021-01-10,,,,,,,94,Extreme Greed
1072,2021-01-11,,,,,,,90,Extreme Greed
1073,2021-01-12,,,,,,,84,Extreme Greed
1074,2021-01-13,,,,,,,78,Extreme Greed
1075,2021-01-14,,,,,,,83,Extreme Greed
1076,2021-01-15,,,,,,,88,Extreme Greed
1077,2021-01-16,,,,,,,84,Extreme Greed
1078,2021-01-17,,,,,,,79,Extreme Greed
1079,2021-01-18,,,,,,,79,Extreme Greed
1080,2021-01-19,,,,,,,80,Extreme Greed
1081,2021-01-20,,,,,,,78,Extreme Greed
1082,2021-01-21,,,,,,,75,Greed
1083,2021-01-22,,,,,,,40,Fear
1084,2021-01-23,,,,,,,74,Greed
1085,2021-01-24,,,,,,,70,Greed
1086,2021-01-25,,,,,,,74,Greed
1087,2021-01-26,,,,,,,71,Greed
1088,2021-01-27,,,,,,,78,Extreme Greed
1089,2021-01-28,,,,,,,55,Greed
1090,2021-01-29,,,,,,,77,Extreme Greed
1091,2021-01-30,,,,,,,76,Extreme Greed
1092,2021-01-31,,,,,,,78,Extreme Greed
1093,2021-02-01,,,,,,,77,Extreme Greed
1094,2021-02-02,,,,,,,76,Extreme Greed
1095,2021-02-03,,,,,,,78,Extreme Greed
1096,2021-02-04,,,,,,,80,Extreme Greed
1097,2021-02-05,,,,,,,81,Extreme Greed
1098,2021-02-06,,,,,,,84,Extreme Greed
1099,2021-02-07,,,,,,,86,Extreme Greed
1100,2021-02-08,,,,,,,83,Extreme Greed
1101,2021-02-09,,,,,,,95,Extreme Greed
1102,2021-02-10,,,,,,,92,Extreme Greed
1103,2021-02-11,,,,,,,93,Extreme Greed
1104,2021-02-12,,,,,,,92,Extreme Greed
1105,2021-02-13,,,,,,,92,Extreme Greed
1106,2021-02-14,,,,,,,95,Extreme Greed
1107,2021-02-15,,,,,,,93,Extreme Greed
1108,2021-02-16,,,,,,,95,Extreme Greed
1109,2021-02-17,,,,,,,95,Extreme Greed
1110,2021-02-18,,,,,,,91,Extreme Greed
1111,2021-02-19,,,,,,,93,Extreme Greed
1112,2021-02-20,,,,,,,91,Extreme Greed
1113,2021-02-21,,,,,,,91,Extreme Greed
1114,2021-02-22,,,,,,,94,Extreme Greed
1115,2021-02-23,,,,,,,94,Extreme Greed
1116,2021-02-24,,,,,,,76,Extreme Greed
1117,2021-02-25,,,,,,,79,Extreme Greed
1118,2021-02-26,,,,,,,55,Greed
1119,2021-02-27,,,,,,,56,Greed
1120,2021-02-28,,,,,,,55,Greed
1121,2021-03-01,,,,,,,38,Fear
1122,2021-03-02,,,,,,,78,Extreme Greed
1123,2021-03-03,,,,,,,78,Extreme Greed
1124,2021-03-04,,,,,,,84,Extreme Greed
1125,2021-03-05,,,,,,,77,Extreme Greed
1126,2021-03-06,,,,,,,77,Extreme Greed
1127,2021-03-07,,,,,,,76,Extreme Greed
1128,2021-03-08,,,,,,,81,Extreme Greed
1129,2021-03-09,,,,,,,81,Extreme Greed
1130,2021-03-10,,,,,,,68,Greed
1131,2021-03-11,,,,,,,73,Greed
1132,2021-03-12,,,,,,,70,Greed
1133,2021-03-13,,,,,,,74,Greed
1134,2021-03-14,,,,,,,78,Extreme Greed
1135,2021-03-15,,,,,,,76,Extreme Greed
1136,2021-03-16,,,,,,,71,Greed
1137,2021-03-17,,,,,,,71,Greed
1138,2021-03-18,,,,,,,72,Greed
1139,2021-03-19,,,,,,,71,Greed
1140,2021-03-20,,,,,,,75,Greed
1141,2021-03-21,,,,,,,73,Greed
1142,2021-03-22,,,,,,,70,Greed
1143,2021-03-23,,,,,,,66,Greed
1144,2021-03-24,,,,,,,65,Greed
1145,2021-03-25,,,,,,,60,Greed
1146,2021-03-26,,,,,,,54,Neutral
1147,2021-03-27,,,,,,,65,Greed
1148,2021-03-28,,,,,,,74,Greed
1149,2021-03-29,,,,,,,72,Greed
1150,2021-03-30,,,,,,,72,Greed
1151,2021-03-31,,,,,,,76,Extreme Greed
1152,2021-04-01,,,,,,,74,Greed
1153,2021-04-02,,,,,,,74,Greed
1154,2021-04-03,,,,,,,73,Greed
1155,2021-04-04,,,,,,,74,Greed
1156,2021-04-05,,,,,,,71,Greed
1157,2021-04-06,,,,,,,75,Greed
1158,2021-04-07,,,,,,,72,Greed
1159,2021-04-08,,,,,,,73,Greed
1160,2021-04-09,,,,,,,70,Greed
1161,2021-04-10,,,,,,,70,Greed
1162,2021-04-11,,,,,,,76,Extreme Greed
1163,2021-04-12,,,,,,,74,Greed
1164,2021-04-13,,,,,,,74,Greed
1165,2021-04-14,,,,,,,75,Greed
1166,2021-04-15,,,,,,,79,Extreme Greed
1167,2021-04-16,,,,,,,78,Extreme Greed
1168,2021-04-17,,,,,,,76,Extreme Greed
1169,2021-04-18,,,,,,,79,Extreme Greed
1170,2021-04-19,,,,,,,74,Greed
1171,2021-04-20,,,,,,,73,Greed
1172,2021-04-21,,,,,,,73,Greed
1173,2021-04-22,,,,,,,65,Greed
1174,2021-04-23,,,,,,,55,Greed
1175,2021-04-24,,,,,,,37,Fear
1176,2021-04-25,,,,,,,31,Fear
1177,2021-04-26,,,,,,,27,Fear
1178,2021-04-27,,,,,,,50,Neutral
1179,2021-04-28,,,,,,,59,Greed
1180,2021-04-29,,,,,,,52,Neutral
1181,2021-04-30,,,,,,,51,Neutral
1182,2021-05-01,,,,,,,68,Greed
1183,2021-05-02,,,,,,,66,Greed
1184,2021-05-03,,,,,,,61,Greed
1185,2021-05-04,,,,,,,68,Greed
1186,2021-05-05,,,,,,,48,Neutral
1187,2021-05-06,,,,,,,65,Greed
1188,2021-05-07,,,,,,,64,Greed
1189,2021-05-08,,,,,,,67,Greed
1190,2021-05-09,,,,,,,73,Greed
1191,2021-05-10,,,,,,,72,Greed
1192,2021-05-11,,,,,,,61,Greed
1193,2021-05-12,,,,,,,68,Greed
1194,2021-05-13,,,,,,,31,Fear
1195,2021-05-14,,,,,,,26,Fear
1196,2021-05-15,,,,,,,27,Fear
1197,2021-05-16,,,,,,,20,Extreme Fear
1198,2021-05-17,,,,,,,27,Fear
1199,2021-05-18,,,,,,,21,Extreme Fear
1200,2021-05-19,,,,,,,23,Extreme Fear
1201,2021-05-20,,,,,,,11,Extreme Fear
1202,2021-05-21,,,,,,,19,Extreme Fear
1203,2021-05-22,,,,,,,12,Extreme Fear
1204,2021-05-23,,,,,,,14,Extreme Fear
1205,2021-05-24,,,,,,,10,Extreme Fear
1206,2021-05-25,,,,,,,22,Extreme Fear
1207,2021-05-26,,,,,,,22,Extreme Fear
1208,2021-05-27,,,,,,,27,Fear
1209,2021-05-28,,,,,,,21,Extreme Fear
1210,2021-05-29,,,,,,,18,Extreme Fear
1211,2021-05-30,,,,,,,10,Extreme Fear
1212,2021-05-31,,,,,,,18,Extreme Fear
1213,2021-06-01,,,,,,,20,Extreme Fear
1214,2021-06-02,,,,,,,23,Extreme Fear
1215,2021-06-03,,,,,,,24,Extreme Fear
1216,2021-06-04,,,,,,,27,Fear
1217,2021-06-05,,,,,,,24,Extreme Fear
1218,2021-06-06,,,,,,,17,Extreme Fear
1219,2021-06-07,,,,,,,15,Extreme Fear
1220,2021-06-08,,,,,,,13,Extreme Fear
1221,2021-06-09,,,,,,,14,Extreme Fear
1222,2021-06-10,,,,,,,21,Extreme Fear
1223,2021-06-11,,,,,,,21,Extreme Fear
1224,2021-06-12,,,,,,,28,Fear
1225,2021-06-13,,,,,,,23,Extreme Fear
1226,2021-06-14,,,,,,,28,Fear
1227,2021-06-15,,,,,,,38,Fear
1228,2021-06-16,,,,,,,33,Fear
1229,2021-06-17,,,,,,,26,Fear
1230,2021-06-18,,,,,,,25,Extreme Fear
1231,2021-06-19,,,,,,,23,Extreme Fear
1232,2021-06-20,,,,,,,21,Extreme Fear
1233,2021-06-21,,,,,,,23,Extreme Fear
1234,2021-06-22,,,,,,,10,Extreme Fear
1235,2021-06-23,,,,,,,14,Extreme Fear
1236,2021-06-24,,,,,,,22,Extreme Fear
1237,2021-06-25,,,,,,,27,Fear
1238,2021-06-26,,,,,,,20,Extreme Fear
1239,2021-06-27,,,,,,,22,Extreme Fear
1240,2021-06-28,,,,,,,25,Extreme Fear
1241,2021-06-29,,,,,,,25,Extreme Fear
1242,2021-06-30,,,,,,,28,Fear
1243,2021-07-01,,,,,,,28,Fear
1244,2021-07-02,,,,,,,21,Extreme Fear
1245,2021-07-03,,,,,,,24,Extreme Fear
1246,2021-07-04,,,,,,,27,Fear
1247,2021-07-05,,,,,,,29,Fear
1248,2021-07-06,,,,,,,20,Extreme Fear
1249,2021-07-07,,,,,,,28,Fear
1250,2021-07-08,,,,,,,20,Extreme Fear
1251,2021-07-09,,,,,,,20,Extreme Fear
1252,2021-07-10,,,,,,,20,Extreme Fear
1253,2021-07-11,,,,,,,20,Extreme Fear
1254,2021-07-12,,,,,,,25,Extreme Fear
1255,2021-07-13,,,,,,,20,Extreme Fear
1256,2021-07-14,,,,,,,21,Extreme Fear
1257,2021-07-15,,,,,,,20,Extreme Fear
1258,2021-07-16,,,,,,,22,Extreme Fear
1259,2021-07-17,,,,,,,15,Extreme Fear
1260,2021-07-18,,,,,,,19,Extreme Fear
1261,2021-07-19,,,,,,,24,Extreme Fear
1262,2021-07-20,,,,,,,19,Extreme Fear
1263,2021-07-21,,,,,,,10,Extreme Fear
1264,2021-07-22,,,,,,,21,Extreme Fear
1265,2021-07-23,,,,,,,23,Extreme Fear
1266,2021-07-24,,,,,,,22,Extreme Fear
1267,2021-07-25,,,,,,,27,Fear
1268,2021-07-26,,,,,,,26,Fear
1269,2021-07-27,,,,,,,32,Fear
1270,2021-07-28,,,,,,,50,Neutral
1271,2021-07-29,,,,,,,50,Neutral
1272,2021-07-30,,,,,,,53,Neutral
1273,2021-07-31,,,,,,,60,Greed
1274,2021-08-01,,,,,,,60,Greed
1275,2021-08-02,,,,,,,48,Neutral
1276,2021-08-03,,,,,,,48,Neutral
1277,2021-08-04,,,,,,,42,Fear
1278,2021-08-05,,,,,,,50,Neutral
1279,2021-08-06,,,,,,,52,Neutral
1280,2021-08-07,,,,,,,69,Greed
1281,2021-08-08,,,,,,,74,Greed
1282,2021-08-09,,,,,,,65,Greed
1283,2021-08-10,,,,,,,71,Greed
1284,2021-08-11,,,,,,,70,Greed
1285,2021-08-12,,,,,,,70,Greed
1286,2021-08-13,,,,,,,70,Greed
1287,2021-08-14,,,,,,,76,Extreme Greed
1288,2021-08-15,,,,,,,71,Greed
1289,2021-08-16,,,,,,,72,Greed
1290,2021-08-17,,,,,,,72,Greed
1291,2021-08-18,,,,,,,73,Greed
1292,2021-08-19,,,,,,,70,Greed
1293,2021-08-20,,,,,,,70,Greed
1294,2021-08-21,,,,,,,78,Extreme Greed
1295,2021-08-22,,,,,,,76,Extreme Greed
1296,2021-08-23,,,,,,,79,Extreme Greed
1297,2021-08-24,,,,,,,79,Extreme Greed
1298,2021-08-25,,,,,,,73,Greed
1299,2021-08-26,,,,,,,75,Greed
1300,2021-08-27,,,,,,,71,Greed
1301,2021-08-28,,,,,,,78,Extreme Greed
1302,2021-08-29,,,,,,,72,Greed
1303,2021-08-30,,,,,,,73,Greed
1304,2021-08-31,,,,,,,73,Greed
1305,2021-09-01,,,,,,,71,Greed
1306,2021-09-02,,,,,,,74,Greed
1307,2021-09-03,,,,,,,74,Greed
1308,2021-09-04,,,,,,,72,Greed
1309,2021-09-05,,,,,,,73,Greed
1310,2021-09-06,,,,,,,79,Extreme Greed
1311,2021-09-07,,,,,,,79,Extreme Greed
1312,2021-09-08,,,,,,,47,Neutral
1313,2021-09-09,,,,,,,45,Fear
1314,2021-09-10,,,,,,,46,Fear
1315,2021-09-11,,,,,,,31,Fear
1316,2021-09-12,,,,,,,32,Fear
1317,2021-09-13,,,,,,,44,Fear
1318,2021-09-14,,,,,,,30,Fear
1319,2021-09-15,,,,,,,49,Neutral
1320,2021-09-16,,,,,,,53,Neutral
1321,2021-09-17,,,,,,,48,Neutral
1322,2021-09-18,,,,,,,50,Neutral
1323,2021-09-19,,,,,,,53,Neutral
1324,2021-09-20,,,,,,,50,Neutral
1325,2021-09-21,,,,,,,27,Fear
1326,2021-09-22,,,,,,,21,Extreme Fear
1327,2021-09-23,,,,,,,27,Fear
1328,2021-09-24,,,,,,,33,Fear
1329,2021-09-25,,,,,,,28,Fear
1330,2021-09-26,,,,,,,27,Fear
1331,2021-09-27,,,,,,,26,Fear
1332,2021-09-28,,,,,,,25,Extreme Fear
1333,2021-09-29,,,,,,,24,Extreme Fear
1334,2021-09-30,,,,,,,20,Extreme Fear
1335,2021-10-01,,,,,,,27,Fear
1336,2021-10-02,,,,,,,54,Neutral
1337,2021-10-03,,,,,,,49,Neutral
1338,2021-10-04,,,,,,,54,Neutral
1339,2021-10-05,,,,,,,59,Greed
1340,2021-10-06,,,,,,,68,Greed
1341,2021-10-07,,,,,,,76,Extreme Greed
1342,2021-10-08,,,,,,,74,Greed
1343,2021-10-09,,,,,,,72,Greed
1344,2021-10-10,,,,,,,71,Greed
1345,2021-10-11,,,,,,,71,Greed
1346,2021-10-12,,,,,,,78,Extreme Greed
1347,2021-10-13,,,,,,,70,Greed
1348,2021-10-14,,,,,,,70,Greed
1349,2021-10-15,,,,,,,71,Greed
1350,2021-10-16,,,,,,,78,Extreme Greed
1351,2021-10-17,,,,,,,79,Extreme Greed
1352,2021-10-18,,,,,,,78,Extreme Greed
1353,2021-10-19,,,,,,,75,Greed
1354,2021-10-20,,,,,,,82,Extreme Greed
1355,2021-10-21,,,,,,,84,Extreme Greed
1356,2021-10-22,,,,,,,75,Greed
1357,2021-10-23,,,,,,,74,Greed
1358,2021-10-24,,,,,,,73,Greed
1359,2021-10-25,,,,,,,72,Greed
1360,2021-10-26,,,,,,,76,Extreme Greed
1361,2021-10-27,,,,,,,73,Greed
1362,2021-10-28,,,,,,,66,Greed
1363,2021-10-29,,,,,,,70,Greed
1364,2021-10-30,,,,,,,73,Greed
1365,2021-10-31,,,,,,,74,Greed
1366,2021-11-01,,,,,,,74,Greed
1367,2021-11-02,,,,,,,73,Greed
1368,2021-11-03,,,,,,,76,Extreme Greed
1369,2021-11-04,,,,,,,73,Greed
1370,2021-11-05,,,,,,,73,Greed
1371,2021-11-06,,,,,,,71,Greed
1372,2021-11-07,,,,,,,73,Greed
1373,2021-11-08,,,,,,,75,Greed
1374,2021-11-09,,,,,,,84,Extreme Greed
1375,2021-11-10,,,,,,,75,Greed
1376,2021-11-11,,,,,,,77,Extreme Greed
1377,2021-11-12,,,,,,,74,Greed
1378,2021-11-13,,,,,,,72,Greed
1379,2021-11-14,,,,,,,74,Greed
1380,2021-11-15,,,,,,,72,Greed
1381,2021-11-16,,,,,,,71,Greed
1382,2021-11-17,,,,,,,52,Neutral
1383,2021-11-18,,,,,,,54,Neutral
1384,2021-11-19,,,,,,,34,Fear
1385,2021-11-20,,,,,,,43,Fear
1386,2021-11-21,,,,,,,49,Neutral
1387,2021-11-22,,,,,,,50,Neutral
1388,2021-11-23,,,,,,,33,Fear
1389,2021-11-24,,,,,,,42,Fear
1390,2021-11-25,,,,,,,32,Fear
1391,2021-11-26,,,,,,,47,Neutral
1392,2021-11-27,,,,,,,21,Extreme Fear
1393,2021-11-28,,,,,,,27,Fear
1394,2021-11-29,,,,,,,33,Fear
1395,2021-11-30,,,,,,,40,Fear
1396,2021-12-01,,,,,,,34,Fear
1397,2021-12-02,,,,,,,32,Fear
1398,2021-12-03,,,,,,,31,Fear
1399,2021-12-04,,,,,,,25,Extreme Fear
1400,2021-12-05,,,,,,,18,Extreme Fear
1401,2021-12-06,,,,,,,16,Extreme Fear
1402,2021-12-07,,,,,,,25,Extreme Fear
1403,2021-12-08,,,,,,,28,Fear
1404,2021-12-09,,,,,,,29,Fear
1405,2021-12-10,,,,,,,24,Extreme Fear
1406,2021-12-11,,,,,,,16,Extreme Fear
1407,2021-12-12,,,,,,,27,Fear
1408,2021-12-13,,,,,,,28,Fear
1409,2021-12-14,,,,,,,21,Extreme Fear
1410,2021-12-15,,,,,,,28,Fear
1411,2021-12-16,,,,,,,29,Fear
1412,2021-12-17,,,,,,,23,Extreme Fear
1413,2021-12-18,,,,,,,24,Extreme Fear
1414,2021-12-19,,,,,,,29,Fear
1415,2021-12-20,,,,,,,25,Extreme Fear
1416,2021-12-21,,,,,,,27,Fear
1417,2021-12-22,,,,,,,45,Fear
1418,2021-12-23,,,,,,,34,Fear
1419,2021-12-24,,,,,,,41,Fear
1420,2021-12-25,,,,,,,39,Fear
1421,2021-12-26,,,,,,,37,Fear
1422,2021-12-27,,,,,,,40,Fear
1423,2021-12-28,,,,,,,41,Fear
1424,2021-12-29,,,,,,,27,Fear
1425,2021-12-30,,,,,,,22,Extreme Fear
1426,2021-12-31,,,,,,,28,Fear
1427,2022-01-01,,,,,,,21,Extreme Fear
1428,2022-01-02,,,,,,,29,Fear
1429,2022-01-03,,,,,,,29,Fear
1430,2022-01-04,,,,,,,23,Extreme Fear
1431,2022-01-05,,,,,,,24,Extreme Fear
1432,2022-01-06,,,,,,,15,Extreme Fear
1433,2022-01-07,,,,,,,18,Extreme Fear
1434,2022-01-08,,,,,,,10,Extreme Fear
1435,2022-01-09,,,,,,,23,Extreme Fear
1436,2022-01-10,,,,,,,23,Extreme Fear
1437,2022-01-11,,,,,,,21,Extreme Fear
1438,2022-01-12,,,,,,,22,Extreme Fear
1439,2022-01-13,,,,,,,21,Extreme Fear
1440,2022-01-14,,,,,,,21,Extreme Fear
1441,2022-01-15,,,,,,,23,Extreme Fear
1442,2022-01-16,,,,,,,21,Extreme Fear
1443,2022-01-17,,,,,,,22,Extreme Fear
1444,2022-01-18,,,,,,,24,Extreme Fear
1445,2022-01-19,,,,,,,24,Extreme Fear
1446,2022-01-20,,,,,,,24,Extreme Fear
1447,2022-01-21,,,,,,,19,Extreme Fear
1448,2022-01-22,,,,,,,13,Extreme Fear
1449,2022-01-23,,,,,,,11,Extreme Fear
1450,2022-01-24,,,,,,,13,Extreme Fear
1451,2022-01-25,,,,,,,12,Extreme Fear
1452,2022-01-26,,,,,,,23,Extreme Fear
1453,2022-01-27,,,,,,,20,Extreme Fear
1454,2022-01-28,,,,,,,24,Extreme Fear
1455,2022-01-29,,,,,,,24,Extreme Fear
1456,2022-01-30,,,,,,,29,Fear
1457,2022-01-31,,,,,,,20,Extreme Fear
1458,2022-02-01,,,,,,,26,Fear
1459,2022-02-02,,,,,,,28,Fear
1460,2022-02-03,,,,,,,20,Extreme Fear
1461,2022-02-04,,,,,,,20,Extreme Fear
1462,2022-02-05,,,,,,,33,Fear
1463,2022-02-06,,,,,,,37,Fear
1464,2022-02-07,,,,,,,45,Fear
1465,2022-02-08,,,,,,,48,Neutral
1466,2022-02-09,,,,,,,54,Neutral
1467,2022-02-10,,,,,,,50,Neutral
1468,2022-02-11,,,,,,,50,Neutral
1469,2022-02-12,,,,,,,44,Fear
1470,2022-02-13,,,,,,,44,Fear
1471,2022-02-14,,,,,,,46,Fear
1472,2022-02-15,,,,,,,46,Fear
1473,2022-02-16,,,,,,,51,Neutral
1474,2022-02-17,,,,,,,52,Neutral
1475,2022-02-18,,,,,,,30,Fear
1476,2022-02-19,,,,,,,25,Extreme Fear
1477,2022-02-20,,,,,,,27,Fear
1478,2022-02-21,,,,,,,25,Extreme Fear
1479,2022-02-22,,,,,,,20,Extreme Fear
1480,2022-02-23,,,,,,,25,Extreme Fear
1481,2022-02-24,,,,,,,23,Extreme Fear
1482,2022-02-25,,,,,,,27,Fear
1483,2022-02-26,,,,,,,26,Fear
1484,2022-02-27,,,,,,,26,Fear
1485,2022-02-28,,,,,,,20,Extreme Fear
1486,2022-03-01,,,,,,,51,Neutral
1487,2022-03-02,,,,,,,52,Neutral
1488,2022-03-03,,,,,,,39,Fear
1489,2022-03-04,,,,,,,33,Fear
1490,2022-03-05,,,,,,,22,Extreme Fear
1491,2022-03-06,,,,,,,22,Extreme Fear
1492,2022-03-07,,,,,,,23,Extreme Fear
1493,2022-03-08,,,,,,,21,Extreme Fear
1494,2022-03-09,,,,,,,22,Extreme Fear
1495,2022-03-10,,,,,,,28,Fear
1496,2022-03-11,,,,,,,22,Extreme Fear
1497,2022-03-12,,,,,,,22,Extreme Fear
1498,2022-03-13,,,,,,,21,Extreme Fear
1499,2022-03-14,,,,,,,23,Extreme Fear
1500,2022-03-15,,,,,,,21,Extreme Fear
1501,2022-03-16,,,,,,,24,Extreme Fear
1502,2022-03-17,,,,,,,27,Fear
1503,2022-03-18,,,,,,,25,Extreme Fear
1504,2022-03-19,,,,,,,28,Fear
1505,2022-03-20,,,,,,,31,Fear
1506,2022-03-21,,,,,,,30,Fear
1507,2022-03-22,,,,,,,26,Fear
1508,2022-03-23,,,,,,,31,Fear
1509,2022-03-24,,,,,,,40,Fear
1510,2022-03-25,,,,,,,47,Neutral
1511,2022-03-26,,,,,,,51,Neutral
1512,2022-03-27,,,,,,,49,Neutral
1513,2022-03-28,,,,,,,60,Greed
1514,2022-03-29,,,,,,,56,Greed
1515,2022-03-30,,,,,,,55,Greed
1516,2022-03-31,,,,,,,52,Neutral
1517,2022-04-01,,,,,,,50,Neutral
1518,2022-04-02,,,,,,,52,Neutral
1519,2022-04-03,,,,,,,48,Neutral
1520,2022-04-04,,,,,,,52,Neutral
1521,2022-04-05,,,,,,,53,Neutral
1522,2022-04-06,,,,,,,48,Neutral
1523,2022-04-07,,,,,,,34,Fear
1524,2022-04-08,,,,,,,37,Fear
1525,2022-04-09,,,,,,,30,Fear
1526,2022-04-10,,,,,,,34,Fear
1527,2022-04-11,,,,,,,32,Fear
1528,2022-04-12,,,,,,,20,Extreme Fear
1529,2022-04-13,,,,,,,25,Extreme Fear
1530,2022-04-14,,,,,,,28,Fear
1531,2022-04-15,,,,,,,22,Extreme Fear
1532,2022-04-16,,,,,,,28,Fear
1533,2022-04-17,,,,,,,28,Fear
1534,2022-04-18,,,,,,,24,Extreme Fear
1535,2022-04-19,,,,,,,27,Fear
1536,2022-04-20,,,,,,,27,Fear
1537,2022-04-21,,,,,,,27,Fear
1538,2022-04-22,,,,,,,26,Fear
1539,2022-04-23,,,,,,,24,Extreme Fear
1540,2022-04-24,,,,,,,24,Extreme Fear
1541,2022-04-25,,,,,,,23,Extreme Fear
1542,2022-04-26,,,,,,,27,Fear
1543,2022-04-27,,,,,,,21,Extreme Fear
1544,2022-04-28,,,,,,,24,Extreme Fear
1545,2022-04-29,,,,,,,23,Extreme Fear
1546,2022-04-30,,,,,,,20,Extreme Fear
1547,2022-05-01,,,,,,,22,Extreme Fear
1548,2022-05-02,,,,,,,28,Fear
1549,2022-05-03,,,,,,,27,Fear
1550,2022-05-04,,,,,,,21,Extreme Fear
1551,2022-05-05,,,,,,,27,Fear
1552,2022-05-06,,,,,,,22,Extreme Fear
1553,2022-05-07,,,,,,,23,Extreme Fear
1554,2022-05-08,,,,,,,18,Extreme Fear
1555,2022-05-09,,,,,,,11,Extreme Fear
1556,2022-05-10,,,,,,,10,Extreme Fear
1557,2022-05-11,,,,,,,12,Extreme Fear
1558,2022-05-12,,,,,,,12,Extreme Fear
1559,2022-05-13,,,,,,,10,Extreme Fear
1560,2022-05-14,,,,,,,9,Extreme Fear
1561,2022-05-15,,,,,,,10,Extreme Fear
1562,2022-05-16,,,,,,,14,Extreme Fear
1563,2022-05-17,,,,,,,8,Extreme Fear
1564,2022-05-18,,,,,,,12,Extreme Fear
1565,2022-05-19,,,,,,,13,Extreme Fear
1566,2022-05-20,,,,,,,13,Extreme Fear
1567,2022-05-21,,,,,,,13,Extreme Fear
1568,2022-05-22,,,,,,,14,Extreme Fear
1569,2022-05-23,,,,,,,10,Extreme Fear
1570,2022-05-24,,,,,,,12,Extreme Fear
1571,2022-05-25,,,,,,,11,Extreme Fear
1572,2022-05-26,,,,,,,12,Extreme Fear
1573,2022-05-27,,,,,,,12,Extreme Fear
1574,2022-05-28,,,,,,,13,Extreme Fear
1575,2022-05-29,,,,,,,14,Extreme Fear
1576,2022-05-30,,,,,,,10,Extreme Fear
1577,2022-05-31,,,,,,,16,Extreme Fear
1578,2022-06-01,,,,,,,17,Extreme Fear
1579,2022-06-02,,,,,,,13,Extreme Fear
1580,2022-06-03,,,,,,,10,Extreme Fear
1581,2022-06-04,,,,,,,14,Extreme Fear
1582,2022-06-05,,,,,,,10,Extreme Fear
1583,2022-06-06,,,,,,,13,Extreme Fear
1584,2022-06-07,,,,,,,15,Extreme Fear
1585,2022-06-08,,,,,,,17,Extreme Fear
1586,2022-06-09,,,,,,,11,Extreme Fear
1587,2022-06-10,,,,,,,13,Extreme Fear
1588,2022-06-11,,,,,,,12,Extreme Fear
1589,2022-06-12,,,,,,,14,Extreme Fear
1590,2022-06-13,,,,,,,11,Extreme Fear
1591,2022-06-14,,,,,,,8,Extreme Fear
1592,2022-06-15,,,,,,,7,Extreme Fear
1593,2022-06-16,,,,,,,7,Extreme Fear
1594,2022-06-17,,,,,,,9,Extreme Fear
1595,2022-06-18,,,,,,,6,Extreme Fear
1596,2022-06-19,,,,,,,6,Extreme Fear
1597,2022-06-20,,,,,,,9,Extreme Fear
1598,2022-06-21,,,,,,,9,Extreme Fear
1599,2022-06-22,,,,,,,11,Extreme Fear
1600,2022-06-23,,,,,,,11,Extreme Fear
1601,2022-06-24,,,,,,,11,Extreme Fear
1602,2022-06-25,,,,,,,14,Extreme Fear
1603,2022-06-26,,,,,,,14,Extreme Fear
1604,2022-06-27,,,,,,,12,Extreme Fear
1605,2022-06-28,,,,,,,10,Extreme Fear
1606,2022-06-29,,,,,,,13,Extreme Fear
1607,2022-06-30,,,,,,,11,Extreme Fear
1608,2022-07-01,,,,,,,11,Extreme Fear
1609,2022-07-02,,,,,,,14,Extreme Fear
1610,2022-07-03,,,,,,,11,Extreme Fear
1611,2022-07-04,,,,,,,14,Extreme Fear
1612,2022-07-05,,,,,,,19,Extreme Fear
1613,2022-07-06,,,,,,,18,Extreme Fear
1614,2022-07-07,,,,,,,18,Extreme Fear
1615,2022-07-08,,,,,,,20,Extreme Fear
1616,2022-07-09,,,,,,,24,Extreme Fear
1617,2022-07-10,,,,,,,24,Extreme Fear
1618,2022-07-11,,,,,,,22,Extreme Fear
1619,2022-07-12,,,,,,,16,Extreme Fear
1620,2022-07-13,,,,,,,15,Extreme Fear
1621,2022-07-14,,,,,,,18,Extreme Fear
1622,2022-07-15,,,,,,,15,Extreme Fear
1623,2022-07-16,,,,,,,21,Extreme Fear
1624,2022-07-17,,,,,,,24,Extreme Fear
1625,2022-07-18,,,,,,,20,Extreme Fear
1626,2022-07-19,,,,,,,30,Fear
1627,2022-07-20,,,,,,,31,Fear
1628,2022-07-21,,,,,,,34,Fear
1629,2022-07-22,,,,,,,33,Fear
1630,2022-07-23,,,,,,,31,Fear
1631,2022-07-24,,,,,,,30,Fear
1632,2022-07-25,,,,,,,30,Fear
1633,2022-07-26,,,,,,,26,Fear
1634,2022-07-27,,,,,,,28,Fear
1635,2022-07-28,,,,,,,32,Fear
1636,2022-07-29,,,,,,,39,Fear
1637,2022-07-30,,,,,,,42,Fear
1638,2022-07-31,,,,,,,39,Fear
1639,2022-08-01,,,,,,,33,Fear
1640,2022-08-02,,,,,,,31,Fear
1641,2022-08-03,,,,,,,34,Fear
1642,2022-08-04,,,,,,,30,Fear
1643,2022-08-05,,,,,,,31,Fear
1644,2022-08-06,,,,,,,31,Fear
1645,2022-08-07,,,,,,,30,Fear
1646,2022-08-08,,,,,,,30,Fear
1647,2022-08-09,,,,,,,42,Fear
1648,2022-08-10,,,,,,,31,Fear
1649,2022-08-11,,,,,,,41,Fear
1650,2022-08-12,,,,,,,42,Fear
1651,2022-08-13,,,,,,,46,Fear
1652,2022-08-14,,,,,,,47,Neutral
1653,2022-08-15,,,,,,,45,Fear
1654,2022-08-16,,,,,,,44,Fear
1655,2022-08-17,,,,,,,41,Fear
1656,2022-08-18,,,,,,,30,Fear
1657,2022-08-19,,,,,,,33,Fear
1658,2022-08-20,,,,,,,29,Fear
1659,2022-08-21,,,,,,,27,Fear
1660,2022-08-22,,,,,,,29,Fear
1661,2022-08-23,,,,,,,28,Fear
1662,2022-08-24,,,,,,,25,Extreme Fear
1663,2022-08-25,,,,,,,25,Extreme Fear
1664,2022-08-26,,,,,,,27,Fear
1665,2022-08-27,,,,,,,28,Fear
1666,2022-08-28,,,,,,,28,Fear
1667,2022-08-29,,,,,,,24,Extreme Fear
1668,2022-08-30,,,,,,,27,Fear
1669,2022-08-31,,,,,,,23,Extreme Fear
1670,2022-09-01,,,,,,,20,Extreme Fear
1671,2022-09-02,,,,,,,25,Extreme Fear
1672,2022-09-03,,,,,,,21,Extreme Fear
1673,2022-09-04,,,,,,,20,Extreme Fear
1674,2022-09-05,,,,,,,23,Extreme Fear
1675,2022-09-06,,,,,,,22,Extreme Fear
1676,2022-09-07,,,,,,,24,Extreme Fear
1677,2022-09-08,,,,,,,20,Extreme Fear
1678,2022-09-09,,,,,,,22,Extreme Fear
1679,2022-09-10,,,,,,,28,Fear
1680,2022-09-11,,,,,,,26,Fear
1681,2022-09-12,,,,,,,25,Extreme Fear
1682,2022-09-13,,,,,,,34,Fear
1683,2022-09-14,,,,,,,27,Fear
1684,2022-09-15,,,,,,,28,Fear
1685,2022-09-16,,,,,,,20,Extreme Fear
1686,2022-09-17,,,,,,,22,Extreme Fear
1687,2022-09-18,,,,,,,27,Fear
1688,2022-09-19,,,,,,,21,Extreme Fear
1689,2022-09-20,,,,,,,23,Extreme Fear
1690,2022-09-21,,,,,,,23,Extreme Fear
1691,2022-09-22,,,,,,,22,Extreme Fear
1692,2022-09-23,,,,,,,20,Extreme Fear
1693,2022-09-24,,,,,,,24,Extreme Fear
1694,2022-09-25,,,,,,,24,Extreme Fear
1695,2022-09-26,,,,,,,21,Extreme Fear
1696,2022-09-27,,,,,,,20,Extreme Fear
1697,2022-09-28,,,,,,,20,Extreme Fear
1698,2022-09-29,,,,,,,22,Extreme Fear
1699,2022-09-30,,,,,,,21,Extreme Fear
1700,2022-10-01,,,,,,,20,Extreme Fear
1701,2022-10-02,,,,,,,24,Extreme Fear
1702,2022-10-03,,,,,,,24,Extreme Fear
1703,2022-10-04,,,,,,,20,Extreme Fear
1704,2022-10-05,,,,,,,25,Extreme Fear
1705,2022-10-06,,,,,,,26,Fear
1706,2022-10-07,,,,,,,23,Extreme Fear
1707,2022-10-08,,,,,,,24,Extreme Fear
1708,2022-10-09,,,,,,,22,Extreme Fear
1709,2022-10-10,,,,,,,22,Extreme Fear
1710,2022-10-11,,,,,,,24,Extreme Fear
1711,2022-10-12,,,,,,,20,Extreme Fear
1712,2022-10-13,,,,,,,20,Extreme Fear
1713,2022-10-14,,,,,,,24,Extreme Fear
1714,2022-10-15,,,,,,,24,Extreme Fear
1715,2022-10-16,,,,,,,24,Extreme Fear
1716,2022-10-17,,,,,,,20,Extreme Fear
1717,2022-10-18,,,,,,,22,Extreme Fear
1718,2022-10-19,,,,,,,23,Extreme Fear
1719,2022-10-20,,,,,,,23,Extreme Fear
1720,2022-10-21,,,,,,,23,Extreme Fear
1721,2022-10-22,,,,,,,20,Extreme Fear
1722,2022-10-23,,,,,,,23,Extreme Fear
1723,2022-10-24,,,,,,,22,Extreme Fear
1724,2022-10-25,,,,,,,20,Extreme Fear
1725,2022-10-26,,,,,,,33,Fear
1726,2022-10-27,,,,,,,32,Fear
1727,2022-10-28,,,,,,,30,Fear
1728,2022-10-29,,,,,,,34,Fear
1729,2022-10-30,,,,,,,34,Fear
1730,2022-10-31,,,,,,,31,Fear
1731,2022-11-01,,,,,,,30,Fear
1732,2022-11-02,,,,,,,30,Fear
1733,2022-11-03,,,,,,,30,Fear
1734,2022-11-04,,,,,,,30,Fear
1735,2022-11-05,,,,,,,38,Fear
1736,2022-11-06,,,,,,,40,Fear
1737,2022-11-07,,,,,,,33,Fear
1738,2022-11-08,,,,,,,31,Fear
1739,2022-11-09,,,,,,,29,Fear
1740,2022-11-10,,,,,,,22,Extreme Fear
1741,2022-11-11,,,,,,,25,Extreme Fear
1742,2022-11-12,,,,,,,21,Extreme Fear
1743,2022-11-13,,,,,,,22,Extreme Fear
1744,2022-11-14,,,,,,,24,Extreme Fear
1745,2022-11-15,,,,,,,22,Extreme Fear
1746,2022-11-16,,,,,,,23,Extreme Fear
1747,2022-11-17,,,,,,,20,Extreme Fear
1748,2022-11-18,,,,,,,23,Extreme Fear
1749,2022-11-19,,,,,,,23,Extreme Fear
1750,2022-11-20,,,,,,,24,Extreme Fear
1751,2022-11-21,,,,,,,21,Extreme Fear
1752,2022-11-22,,,,,,,22,Extreme Fear
1753,2022-11-23,,,,,,,22,Extreme Fear
1754,2022-11-24,,,,,,,20,Extreme Fear
1755,2022-11-25,,,,,,,20,Extreme Fear
1756,2022-11-26,,,,,,,22,Extreme Fear
1757,2022-11-27,,,,,,,26,Fear
1758,2022-11-28,,,,,,,28,Fear
1759,2022-11-29,,,,,,,26,Fear
1760,2022-11-30,,,,,,,29,Fear
1761,2022-12-01,,,,,,,27,Fear
1762,2022-12-02,,,,,,,27,Fear
1763,2022-12-03,,,,,,,27,Fear
1764,2022-12-04,,,,,,,26,Fear
1765,2022-12-05,,,,,,,26,Fear
1766,2022-12-06,,,,,,,25,Extreme Fear
1767,2022-12-07,,,,,,,29,Fear
1768,2022-12-08,,,,,,,25,Extreme Fear
1769,2022-12-09,,,,,,,26,Fear
1770,2022-12-10,,,,,,,27,Fear
1771,2022-12-11,,,,,,,26,Fear
1772,2022-12-12,,,,,,,27,Fear
1773,2022-12-13,,,,,,,27,Fear
1774,2022-12-14,,,,,,,30,Fear
1775,2022-12-15,,,,,,,31,Fear
1776,2022-12-16,,,,,,,29,Fear
1777,2022-12-17,,,,,,,28,Fear
1778,2022-12-18,,,,,,,26,Fear
1779,2022-12-19,,,,,,,29,Fear
1780,2022-12-20,,,,,,,29,Fear
1781,2022-12-21,,,,,,,26,Fear
1782,2022-12-22,,,,,,,28,Fear
1783,2022-12-23,,,,,,,27,Fear
1784,2022-12-24,,,,,,,29,Fear
1785,2022-12-25,,,,,,,29,Fear
1786,2022-12-26,,,,,,,28,Fear
1787,2022-12-27,,,,,,,27,Fear
1788,2022-12-28,,,,,,,28,Fear
1789,2022-12-29,,,,,,,28,Fear
1790,2022-12-30,,,,,,,28,Fear
1791,2022-12-31,,,,,,,25,Extreme Fear
1792,2023-01-01,,,,,,,26,Fear
1793,2023-01-02,,,,,,,27,Fear
1794,2023-01-03,,,,,,,26,Fear
1795,2023-01-04,,,,,,,29,Fear
1796,2023-01-05,,,,,,,29,Fear
1797,2023-01-06,,,,,,,26,Fear
1798,2023-01-07,,,,,,,25,Extreme Fear
1799,2023-01-08,,,,,,,25,Extreme Fear
1800,2023-01-09,,,,,,,25,Extreme Fear
1801,2023-01-10,,,,,,,26,Fear
1802,2023-01-11,,,,,,,26,Fear
1803,2023-01-12,,,,,,,30,Fear
1804,2023-01-13,,,,,,,31,Fear
1805,2023-01-14,,,,,,,46,Fear
1806,2023-01-15,,,,,,,52,Neutral
1807,2023-01-16,,,,,,,45,Fear
1808,2023-01-17,,,,,,,51,Neutral
1809,2023-01-18,,,,,,,52,Neutral
1810,2023-01-19,,,,,,,45,Fear
1811,2023-01-20,,,,,,,51,Neutral
1812,2023-01-21,,,,,,,53,Neutral
1813,2023-01-22,,,,,,,53,Neutral
1814,2023-01-23,,,,,,,50,Neutral
1815,2023-01-24,,,,,,,52,Neutral
1816,2023-01-25,,,,,,,51,Neutral
1817,2023-01-26,,,,,,,54,Neutral
1818,2023-01-27,,,,,,,55,Greed
1819,2023-01-28,,,,,,,52,Neutral
1820,2023-01-29,,,,,,,55,Greed
1821,2023-01-30,,,,,,,61,Greed
1822,2023-01-31,,,,,,,51,Neutral
1823,2023-02-01,,,,,,,56,Greed
1824,2023-02-02,,,,,,,60,Greed
1825,2023-02-03,,,,,,,60,Greed
1826,2023-02-04,,,,,,,58,Greed
1827,2023-02-05,,,,,,,58,Greed
1828,2023-02-06,,,,,,,56,Greed
1829,2023-02-07,,,,,,,54,Neutral
1830,2023-02-08,,,,,,,58,Greed
1831,2023-02-09,,,,,,,55,Greed
1832,2023-02-10,,,,,,,48,Neutral
1833,2023-02-11,,,,,,,49,Neutral
1834,2023-02-12,,,,,,,50,Neutral
1835,2023-02-13,,,,,,,48,Neutral
1836,2023-02-14,,,,,,,50,Neutral
1837,2023-02-15,,,,,,,53,Neutral
1838,2023-02-16,,,,,,,62,Greed
1839,2023-02-17,,,,,,,61,Greed
1840,2023-02-18,,,,,,,60,Greed
1841,2023-02-19,,,,,,,60,Greed
1842,2023-02-20,,,,,,,58,Greed
1843,2023-02-21,,,,,,,60,Greed
1844,2023-02-22,,,,,,,59,Greed
1845,2023-02-23,,,,,,,56,Greed
1846,2023-02-24,,,,,,,53,Neutral
1847,2023-02-25,,,,,,,52,Neutral
1848,2023-02-26,,,,,,,51,Neutral
1849,2023-02-27,,,,,,,50,Neutral
1850,2023-02-28,,,,,,,53,Neutral
1851,2023-03-01,,,,,,,50,Neutral
1852,2023-03-02,,,,,,,51,Neutral
1853,2023-03-03,,,,,,,50,Neutral
1854,2023-03-04,,,,,,,50,Neutral
1855,2023-03-05,,,,,,,47,Neutral
1856,2023-03-06,,,,,,,48,Neutral
1857,2023-03-07,,,,,,,49,Neutral
1858,2023-03-08,,,,,,,50,Neutral
1859,2023-03-09,,,,,,,44,Fear
1860,2023-03-10,,,,,,,34,Fear
1861,2023-03-11,,,,,,,33,Fear
1862,2023-03-12,,,,,,,33,Fear
1863,2023-03-13,,,,,,,49,Neutral
1864,2023-03-14,,,,,,,56,Greed
1865,2023-03-15,,,,,,,50,Neutral
1866,2023-03-16,,,,,,,52,Neutral
1867,2023-03-17,,,,,,,51,Neutral
1868,2023-03-18,,,,,,,64,Greed
1869,2023-03-19,,,,,,,63,Greed
1870,2023-03-20,,,,,,,66,Greed
1871,2023-03-21,,,,,,,68,Greed
1872,2023-03-22,,,,,,,62,Greed
1873,2023-03-23,,,,,,,57,Greed
1874,2023-03-24,,,,,,,61,Greed
1875,2023-03-25,,,,,,,64,Greed
1876,2023-03-26,,,,,,,64,Greed
1877,2023-03-27,,,,,,,64,Greed
1878,2023-03-28,,,,,,,59,Greed
1879,2023-03-29,,,,,,,57,Greed
1880,2023-03-30,,,,,,,60,Greed
1881,2023-03-31,,,,,,,63,Greed
1882,2023-04-01,,,,,,,61,Greed
1883,2023-04-02,,,,,,,63,Greed
1884,2023-04-03,,,,,,,63,Greed
1885,2023-04-04,,,,,,,62,Greed
1886,2023-04-05,,,,,,,62,Greed
1887,2023-04-06,,,,,,,63,Greed
1888,2023-04-07,,,,,,,64,Greed
1889,2023-04-08,,,,,,,61,Greed
1890,2023-04-09,,,,,,,61,Greed
1891,2023-04-10,,,,,,,62,Greed
1892,2023-04-11,,,,,,,68,Greed
1893,2023-04-12,,,,,,,65,Greed
1894,2023-04-13,,,,,,,61,Greed
1895,2023-04-14,,,,,,,68,Greed
1896,2023-04-15,,,,,,,68,Greed
1897,2023-04-16,,,,,,,68,Greed
1898,2023-04-17,,,,,,,69,Greed
1899,2023-04-18,,,,,,,58,Greed
1900,2023-04-19,,,,,,,63,Greed
1901,2023-04-20,,,,,,,52,Neutral
1902,2023-04-21,,,,,,,50,Neutral
1903,2023-04-22,,,,,,,53,Neutral
1904,2023-04-23,,,,,,,56,Greed
1905,2023-04-24,,,,,,,53,Neutral
1906,2023-04-25,,,,,,,53,Neutral
1907,2023-04-26,,,,,,,56,Greed
1908,2023-04-27,,,,,,,59,Greed
1909,2023-04-28,,,,,,,64,Greed
1910,2023-04-29,,,,,,,64,Greed
1911,2023-04-30,,,,,,,60,Greed
1912,2023-05-01,,,,,,,63,Greed
1913,2023-05-02,,,,,,,55,Greed
1914,2023-05-03,,,,,,,64,Greed
1915,2023-05-04,,,,,,,64,Greed
1916,2023-05-05,,,,,,,61,Greed
1917,2023-05-06,,,,,,,60,Greed
1918,2023-05-07,,,,,,,64,Greed
1919,2023-05-08,,,,,,,60,Greed
1920,2023-05-09,,,,,,,51,Neutral
1921,2023-05-10,,,,,,,52,Neutral
1922,2023-05-11,,,,,,,52,Neutral
1923,2023-05-12,,,,,,,49,Neutral
1924,2023-05-13,,,,,,,48,Neutral
1925,2023-05-14,,,,,,,48,Neutral
1926,2023-05-15,,,,,,,50,Neutral
1927,2023-05-16,,,,,,,54,Neutral
1928,2023-05-17,,,,,,,50,Neutral
1929,2023-05-18,,,,,,,51,Neutral
1930,2023-05-19,,,,,,,48,Neutral
1931,2023-05-20,,,,,,,48,Neutral
1932,2023-05-21,,,,,,,52,Neutral
1933,2023-05-22,,,,,,,49,Neutral
1934,2023-05-23,,,,,,,50,Neutral
1935,2023-05-24,,,,,,,50,Neutral
1936,2023-05-25,,,,,,,51,Neutral
1937,2023-05-26,,,,,,,49,Neutral
1938,2023-05-27,,,,,,,48,Neutral
1939,2023-05-28,,,,,,,50,Neutral
1940,2023-05-29,,,,,,,52,Neutral
1941,2023-05-30,,,,,,,51,Neutral
1942,2023-05-31,,,,,,,51,Neutral
1943,2023-06-01,,,,,,,52,Neutral
1944,2023-06-02,,,,,,,50,Neutral
1945,2023-06-03,,,,,,,53,Neutral
1946,2023-06-04,,,,,,,52,Neutral
1947,2023-06-05,,,,,,,53,Neutral
1948,2023-06-06,,,,,,,44,Fear
1949,2023-06-07,,,,,,,53,Neutral
1950,2023-06-08,,,,,,,50,Neutral
1951,2023-06-09,,,,,,,50,Neutral
1952,2023-06-10,,,,,,,49,Neutral
1953,2023-06-11,,,,,,,47,Neutral
1954,2023-06-12,,,,,,,47,Neutral
1955,2023-06-13,,,,,,,45,Fear
1956,2023-06-14,,,,,,,46,Fear
1957,2023-06-15,,,,,,,41,Fear
1958,2023-06-16,,,,,,,47,Neutral
1959,2023-06-17,,,,,,,47,Neutral
1960,2023-06-18,,,,,,,49,Neutral
1961,2023-06-19,,,,,,,47,Neutral
1962,2023-06-20,,,,,,,49,Neutral
1963,2023-06-21,,,,,,,59,Greed
1964,2023-06-22,,,,,,,65,Greed
1965,2023-06-23,,,,,,,65,Greed
1966,2023-06-24,,,,,,,62,Greed
1967,2023-06-25,,,,,,,64,Greed
1968,2023-06-26,,,,,,,55,Greed
1969,2023-06-27,,,,,,,59,Greed
1970,2023-06-28,,,,,,,62,Greed
1971,2023-06-29,,,,,,,54,Neutral
1972,2023-06-30,,,,,,,56,Greed
1973,2023-07-01,,,,,,,59,Greed
1974,2023-07-02,,,,,,,63,Greed
1975,2023-07-03,,,,,,,62,Greed
1976,2023-07-04,,,,,,,64,Greed
1977,2023-07-05,,,,,,,61,Greed
1978,2023-07-06,,,,,,,56,Greed
1979,2023-07-07,,,,,,,55,Greed
1980,2023-07-08,,,,,,,58,Greed
1981,2023-07-09,,,,,,,55,Greed
1982,2023-07-10,,,,,,,56,Greed
1983,2023-07-11,,,,,,,57,Greed
1984,2023-07-12,,,,,,,64,Greed
1985,2023-07-13,,,,,,,57,Greed
1986,2023-07-14,,,,,,,60,Greed
1987,2023-07-15,,,,,,,56,Greed
1988,2023-07-16,,,,,,,57,Greed
1989,2023-07-17,,,,,,,54,Neutral
1990,2023-07-18,,,,,,,56,Greed
1991,2023-07-19,,,,,,,50,Neutral
1992,2023-07-20,,,,,,,56,Greed
1993,2023-07-21,,,,,,,50,Neutral
1994,2023-07-22,,,,,,,52,Neutral
1995,2023-07-23,,,,,,,54,Neutral
1996,2023-07-24,,,,,,,55,Greed
1997,2023-07-25,,,,,,,50,Neutral
1998,2023-07-26,,,,,,,51,Neutral
1999,2023-07-27,,,,,,,51,Neutral
2000,2023-07-28,,,,,,,52,Neutral
2001,2023-07-29,,,,,,,52,Neutral
2002,2023-07-30,,,,,,,52,Neutral
2003,2023-07-31,,,,,,,50,Neutral
2004,2023-08-01,,,,,,,53,Neutral
2005,2023-08-02,,,,,,,53,Neutral
2006,2023-08-03,,,,,,,52,Neutral
2007,2023-08-04,,,,,,,54,Neutral
2008,2023-08-05,,,,,,,50,Neutral
2009,2023-08-06,,,,,,,49,Neutral
2010,2023-08-07,,,,,,,49,Neutral
2011,2023-08-08,,,,,,,54,Neutral
2012,2023-08-09,,,,,,,50,Neutral
2013,2023-08-10,,,,,,,53,Neutral
2014,2023-08-11,,,,,,,51,Neutral
2015,2023-08-12,,,,,,,54,Neutral
2016,2023-08-13,,,,,,,54,Neutral
2017,2023-08-14,,,,,,,50,Neutral
2018,2023-08-15,,,,,,,53,Neutral
2019,2023-08-16,,,,,,,52,Neutral
2020,2023-08-17,,,,,,,50,Neutral
2021,2023-08-18,,,,,,,37,Fear
2022,2023-08-19,,,,,,,39,Fear
2023,2023-08-20,,,,,,,37,Fear
2024,2023-08-21,,,,,,,38,Fear
2025,2023-08-22,,,,,,,37,Fear
2026,2023-08-23,,,,,,,37,Fear
2027,2023-08-24,,,,,,,41,Fear
2028,2023-08-25,,,,,,,39,Fear
2029,2023-08-26,,,,,,,38,Fear
2030,2023-08-27,,,,,,,38,Fear
2031,2023-08-28,,,,,,,39,Fear
2032,2023-08-29,,,,,,,39,Fear
2033,2023-08-30,,,,,,,49,Neutral
2034,2023-08-31,,,,,,,52,Neutral
2035,2023-09-01,,,,,,,40,Fear
2036,2023-09-02,,,,,,,39,Fear
2037,2023-09-03,,,,,,,40,Fear
2038,2023-09-04,,,,,,,40,Fear
2039,2023-09-05,,,,,,,40,Fear
2040,2023-09-06,,,,,,,42,Fear
2041,2023-09-07,,,,,,,41,Fear
2042,2023-09-08,,,,,,,46,Fear
2043,2023-09-09,,,,,,,41,Fear
2044,2023-09-10,,,,,,,40,Fear
2045,2023-09-11,,,,,,,40,Fear
2046,2023-09-12,,,,,,,30,Fear
2047,2023-09-13,,,,,,,41,Fear
2048,2023-09-14,,,,,,,45,Fear
2049,2023-09-15,,,,,,,45,Fear
2050,2023-09-16,,,,,,,43,Fear
2051,2023-09-17,,,,,,,46,Fear
2052,2023-09-18,,,,,,,46,Fear
2053,2023-09-19,,,,,,,46,Fear
2054,2023-09-20,,,,,,,47,Neutral
2055,2023-09-21,,,,,,,47,Neutral
2056,2023-09-22,,,,,,,43,Fear
2057,2023-09-23,,,,,,,47,Neutral
2058,2023-09-24,,,,,,,44,Fear
2059,2023-09-25,,,,,,,47,Neutral
2060,2023-09-26,,,,,,,46,Fear
2061,2023-09-27,,,,,,,44,Fear
2062,2023-09-28,,,,,,,46,Fear
2063,2023-09-29,,,,,,,48,Neutral
2064,2023-09-30,,,,,,,47,Neutral
2065,2023-10-01,,,,,,,48,Neutral
2066,2023-10-02,,,,,,,50,Neutral
2067,2023-10-03,,,,,,,50,Neutral
2068,2023-10-04,,,,,,,49,Neutral
2069,2023-10-05,,,,,,,48,Neutral
2070,2023-10-06,,,,,,,50,Neutral
2071,2023-10-07,,,,,,,49,Neutral
2072,2023-10-08,,,,,,,50,Neutral
2073,2023-10-09,,,,,,,50,Neutral
2074,2023-10-10,,,,,,,50,Neutral
2075,2023-10-11,,,,,,,47,Neutral
2076,2023-10-12,,,,,,,45,Fear
2077,2023-10-13,,,,,,,44,Fear
2078,2023-10-14,,,,,,,47,Neutral
2079,2023-10-15,,,,,,,45,Fear
2080,2023-10-16,,,,,,,47,Neutral
2081,2023-10-17,,,,,,,52,Neutral
2082,2023-10-18,,,,,,,50,Neutral
2083,2023-10-19,,,,,,,52,Neutral
2084,2023-10-20,,,,,,,53,Neutral
2085,2023-10-21,,,,,,,63,Greed
2086,2023-10-22,,,,,,,53,Neutral
2087,2023-10-23,,,,,,,53,Neutral
2088,2023-10-24,,,,,,,66,Greed
2089,2023-10-25,,,,,,,72,Greed
2090,2023-10-26,,,,,,,71,Greed
2091,2023-10-27,,,,,,,70,Greed
2092,2023-10-28,,,,,,,65,Greed
2093,2023-10-29,,,,,,,72,Greed
2094,2023-10-30,,,,,,,68,Greed
2095,2023-10-31,,,,,,,66,Greed
2096,2023-11-01,,,,,,,66,Greed
2097,2023-11-02,,,,,,,72,Greed
2098,2023-11-03,,,,,,,65,Greed
2099,2023-11-04,,,,,,,68,Greed
2100,2023-11-05,,,,,,,70,Greed
2101,2023-11-06,,,,,,,74,Greed
2102,2023-11-07,,,,,,,68,Greed
2103,2023-11-08,,,,,,,66,Greed
2104,2023-11-09,,,,,,,69,Greed
2105,2023-11-10,,,,,,,70,Greed
2106,2023-11-11,,,,,,,70,Greed
2107,2023-11-12,,,,,,,73,Greed
2108,2023-11-13,,,,,,,72,Greed
2109,2023-11-14,,,,,,,69,Greed
2110,2023-11-15,,,,,,,60,Greed
2111,2023-11-16,,,,,,,70,Greed
2112,2023-11-17,,,,,,,63,Greed
2113,2023-11-18,,,,,,,69,Greed
2114,2023-11-19,,,,,,,66,Greed
2115,2023-11-20,,,,,,,69,Greed
2116,2023-11-21,,,,,,,71,Greed
2117,2023-11-22,,,,,,,62,Greed
2118,2023-11-23,,,,,,,66,Greed
2119,2023-11-24,,,,,,,66,Greed
2120,2023-11-25,,,,,,,73,Greed
2121,2023-11-26,,,,,,,73,Greed
2122,2023-11-27,,,,,,,66,Greed
2123,2023-11-28,,,,,,,68,Greed
2124,2023-11-29,,,,,,,72,Greed
2125,2023-11-30,,,,,,,74,Greed
2126,2023-12-01,,,,,,,71,Greed
2127,2023-12-02,,,,,,,74,Greed
2128,2023-12-03,,,,,,,73,Greed
2129,2023-12-04,,,,,,,74,Greed
2130,2023-12-05,,,,,,,75,Greed
2131,2023-12-06,,,,,,,72,Greed
2132,2023-12-07,,,,,,,72,Greed
2133,2023-12-08,,,,,,,72,Greed
2134,2023-12-09,,,,,,,73,Greed
2135,2023-12-10,,,,,,,74,Greed
2136,2023-12-11,,,,,,,74,Greed
2137,2023-12-12,,,,,,,67,Greed
2138,2023-12-13,,,,,,,65,Greed
2139,2023-12-14,,,,,,,72,Greed
2140,2023-12-15,,,,,,,70,Greed
2141,2023-12-16,,,,,,,67,Greed
2142,2023-12-17,,,,,,,73,Greed
2143,2023-12-18,,,,,,,65,Greed
2144,2023-12-19,,,,,,,73,Greed
2145,2023-12-20,,,,,,,74,Greed
2146,2023-12-21,,,,,,,70,Greed
2147,2023-12-22,,,,,,,74,Greed
2148,2023-12-23,,,,,,,70,Greed
2149,2023-12-24,,,,,,,71,Greed
2150,2023-12-25,,,,,,,73,Greed
2151,2023-12-26,,,,,,,71,Greed
2152,2023-12-27,,,,,,,73,Greed
2153,2023-12-28,,,,,,,73,Greed
2154,2023-12-29,,,,,,,65,Greed
2155,2023-12-30,,,,,,,68,Greed
2156,2023-12-31,,,,,,,67,Greed
2157,2024-01-01,,,,,,,65,Greed
2158,2024-01-02,,,,,,,71,Greed
2159,2024-01-03,,,,,,,70,Greed
2160,2024-01-04,,,,,,,68,Greed
2161,2024-01-05,,,,,,,72,Greed
2162,2024-01-06,,,,,,,70,Greed
2163,2024-01-07,,,,,,,71,Greed
2164,2024-01-08,,,,,,,71,Greed
2165,2024-01-09,,,,,,,76,Extreme Greed
2166,2024-01-10,,,,,,,73,Greed
2167,2024-01-11,,,,,,,76,Extreme Greed
2168,2024-01-12,,,,,,,71,Greed
2169,2024-01-13,,,,,,,64,Greed
2170,2024-01-14,,,,,,,60,Greed
2171,2024-01-15,,,,,,,52,Neutral
2172,2024-01-16,,,,,,,64,Greed
2173,2024-01-17,,,,,,,60,Greed
2174,2024-01-18,,,,,,,63,Greed
2175,2024-01-19,,,,,,,51,Neutral
2176,2024-01-20,,,,,,,52,Neutral
2177,2024-01-21,,,,,,,56,Greed
2178,2024-01-22,,,,,,,55,Greed
2179,2024-01-23,,,,,,,50,Neutral
2180,2024-01-24,,,,,,,48,Neutral
2181,2024-01-25,,,,,,,52,Neutral
2182,2024-01-26,,,,,,,49,Neutral
2183,2024-01-27,,,,,,,55,Greed
2184,2024-01-28,,,,,,,54,Neutral
2185,2024-01-29,,,,,,,55,Greed
2186,2024-01-30,,,,,,,61,Greed
2187,2024-01-31,,,,,,,60,Greed
2188,2024-02-01,,,,,,,63,Greed
2189,2024-02-02,,,,,,,63,Greed
2190,2024-02-03,,,,,,,60,Greed
2191,2024-02-04,,,,,,,60,Greed
2192,2024-02-05,,,,,,,60,Greed
2193,2024-02-06,,,,,,,64,Greed
2194,2024-02-07,,,,,,,62,Greed
2195,2024-02-08,,,,,,,66,Greed
2196,2024-02-09,,,,,,,72,Greed
2197,2024-02-10,,,,,,,74,Greed
2198,2024-02-11,,,,,,,71,Greed
2199,2024-02-12,,,,,,,70,Greed
2200,2024-02-13,,,,,,,79,Extreme Greed
2201,2024-02-14,,,,,,,74,Greed
2202,2024-02-15,,,,,,,72,Greed
2203,2024-02-16,,,,,,,72,Greed
2204,2024-02-17,,,,,,,76,Extreme Greed
2205,2024-02-18,,,,,,,72,Greed
2206,2024-02-19,,,,,,,75,Greed
2207,2024-02-20,,,,,,,72,Greed
2208,2024-02-21,,,,,,,78,Extreme Greed
2209,2024-02-22,,,,,,,74,Greed
2210,2024-02-23,,,,,,,76,Extreme Greed
2211,2024-02-24,,,,,,,72,Greed
2212,2024-02-25,,,,,,,74,Greed
2213,2024-02-26,,,,,,,72,Greed
2214,2024-02-27,,,,,,,79,Extreme Greed
2215,2024-02-28,,,,,,,82,Extreme Greed
2216,2024-02-29,,,,,,,80,Extreme Greed
2217,2024-03-01,,,,,,,80,Extreme Greed
2218,2024-03-02,,,,,,,80,Extreme Greed
2219,2024-03-03,,,,,,,83,Extreme Greed
2220,2024-03-04,,,,,,,82,Extreme Greed
2221,2024-03-05,,,,,,,90,Extreme Greed
2222,2024-03-06,,,,,,,75,Greed
2223,2024-03-07,,,,,,,82,Extreme Greed
2224,2024-03-08,,,,,,,81,Extreme Greed
2225,2024-03-09,,,,,,,84,Extreme Greed
2226,2024-03-10,,,,,,,79,Extreme Greed
2227,2024-03-11,,,,,,,82,Extreme Greed
2228,2024-03-12,,,,,,,81,Extreme Greed
2229,2024-03-13,,,,,,,81,Extreme Greed
2230,2024-03-14,,,,,,,88,Extreme Greed
2231,2024-03-15,,,,,,,83,Extreme Greed
2232,2024-03-16,,,,,,,81,Extreme Greed
2233,2024-03-17,,,,,,,79,Extreme Greed
2234,2024-03-18,,,,,,,77,Extreme Greed
2235,2024-03-19,,,,,,,79,Extreme Greed
2236,2024-03-20,,,,,,,74,Greed
2237,2024-03-21,,,,,,,78,Extreme Greed
2238,2024-03-22,,,,,,,75,Greed
2239,2024-03-23,,,,,,,73,Greed
2240,2024-03-24,,,,,,,74,Greed
2241,2024-03-25,,,,,,,75,Greed
2242,2024-03-26,,,,,,,81,Extreme Greed
2243,2024-03-27,,,,,,,83,Extreme Greed
2244,2024-03-28,,,,,,,80,Extreme Greed
2245,2024-03-29,,,,,,,79,Extreme Greed
2246,2024-03-30,,,,,,,75,Greed
2247,2024-03-31,,,,,,,75,Greed
2248,2024-04-01,,,,,,,79,Extreme Greed
2249,2024-04-02,,,,,,,79,Extreme Greed
2250,2024-04-03,,,,,,,71,Greed
2251,2024-04-04,,,,,,,70,Greed
2252,2024-04-05,,,,,,,79,Extreme Greed
2253,2024-04-06,,,,,,,75,Greed
2254,2024-04-07,,,,,,,78,Extreme Greed
2255,2024-04-08,,,,,,,76,Extreme Greed
2256,2024-04-09,,,,,,,80,Extreme Greed
2257,2024-04-10,,,,,,,78,Extreme Greed
2258,2024-04-11,,,,,,,76,Extreme Greed
2259,2024-04-12,,,,,,,79,Extreme Greed
2260,2024-04-13,,,,,,,72,Greed
2261,2024-04-14,,,,,,,72,Greed
2262,2024-04-15,,,,,,,74,Greed
2263,2024-04-16,,,,,,,65,Greed
2264,2024-04-17,,,,,,,67,Greed
2265,2024-04-18,,,,,,,57,Greed
2266,2024-04-19,,,,,,,66,Greed
2267,2024-04-20,,,,,,,66,Greed
2268,2024-04-21,,,,,,,72,Greed
2269,2024-04-22,,,,,,,73,Greed
2270,2024-04-23,,,,,,,71,Greed
2271,2024-04-24,,,,,,,72,Greed
2272,2024-04-25,,,,,,,72,Greed
2273,2024-04-26,,,,,,,70,Greed
2274,2024-04-27,,,,,,,67,Greed
2275,2024-04-28,,,,,,,65,Greed
2276,2024-04-29,,,,,,,67,Greed
2277,2024-04-30,,,,,,,67,Greed
2278,2024-05-01,,,,,,,54,Neutral
2279,2024-05-02,,,,,,,43,Fear
2280,2024-05-03,,,,,,,48,Neutral
2281,2024-05-04,,,,,,,67,Greed
2282,2024-05-05,,,,,,,69,Greed
2283,2024-05-06,,,,,,,71,Greed
2284,2024-05-07,,,,,,,68,Greed
2285,2024-05-08,,,,,,,64,Greed
2286,2024-05-09,,,,,,,55,Greed
2287,2024-05-10,,,,,,,66,Greed
2288,2024-05-11,,,,,,,53,Neutral
2289,2024-05-12,,,,,,,56,Greed
2290,2024-05-13,,,,,,,57,Greed
2291,2024-05-14,,,,,,,66,Greed
2292,2024-05-15,,,,,,,64,Greed
2293,2024-05-16,,,,,,,70,Greed
2294,2024-05-17,,,,,,,74,Greed
2295,2024-05-18,,,,,,,73,Greed
2296,2024-05-19,,,,,,,72,Greed
2297,2024-05-20,,,,,,,70,Greed
2298,2024-05-21,,,,,,,76,Extreme Greed
2299,2024-05-22,,,,,,,76,Extreme Greed
2300,2024-05-23,,,,,,,76,Extreme Greed
2301,2024-05-24,,,,,,,74,Greed
2302,2024-05-25,,,,,,,76,Extreme Greed
2303,2024-05-26,,,,,,,75,Greed
2304,2024-05-27,,,,,,,74,Greed
2305,2024-05-28,,,,,,,72,Greed
2306,2024-05-29,,,,,,,72,Greed
2307,2024-05-30,,,,,,,73,Greed
2308,2024-05-31,,,,,,,73,Greed
2309,2024-06-01,,,,,,,72,Greed
2310,2024-06-02,,,,,,,73,Greed
2311,2024-06-03,,,,,,,73,Greed
2312,2024-06-04,,,,,,,73,Greed
2313,2024-06-05,,,,,,,75,Greed
2314,2024-06-06,,,,,,,78,Extreme Greed
2315,2024-06-07,,,,,,,77,Extreme Greed
2316,2024-06-08,,,,,,,72,Greed
2317,2024-06-09,,,,,,,75,Greed
2318,2024-06-10,,,,,,,72,Greed
2319,2024-06-11,,,,,,,74,Greed
2320,2024-06-12,,,,,,,72,Greed
2321,2024-06-13,,,,,,,70,Greed
2322,2024-06-14,,,,,,,74,Greed
2323,2024-06-15,,,,,,,74,Greed
2324,2024-06-16,,,,,,,71,Greed
2325,2024-06-17,,,,,,,71,Greed
2326,2024-06-18,,,,,,,74,Greed
2327,2024-06-19,,,,,,,64,Greed
2328,2024-06-20,,,,,,,60,Greed
2329,2024-06-21,,,,,,,63,Greed
2330,2024-06-22,,,,,,,53,Neutral
2331,2024-06-23,,,,,,,55,Greed
2332,2024-06-24,,,,,,,51,Neutral
2333,2024-06-25,,,,,,,30,Fear
2334,2024-06-26,,,,,,,46,Fear
2335,2024-06-27,,,,,,,40,Fear
2336,2024-06-28,,,,,,,47,Neutral
2337,2024-06-29,,,,,,,30,Fear
2338,2024-06-30,,,,,,,47,Neutral
2339,2024-07-01,,,,,,,53,Neutral
2340,2024-07-02,,,,,,,51,Neutral
2341,2024-07-03,,,,,,,50,Neutral
2342,2024-07-04,,,,,,,44,Fear
2343,2024-07-05,,,,,,,29,Fear
2344,2024-07-06,,,,,,,26,Fear
2345,2024-07-07,,,,,,,29,Fear
2346,2024-07-08,,,,,,,28,Fear
2347,2024-07-09,,,,,,,27,Fear
2348,2024-07-10,,,,,,,28,Fear
2349,2024-07-11,,,,,,,29,Fear
2350,2024-07-12,,,,,,,25,Extreme Fear
2351,2024-07-13,,,,,,,25,Extreme Fear
2352,2024-07-14,,,,,,,33,Fear
2353,2024-07-15,,,,,,,52,Neutral
2354,2024-07-16,,,,,,,65,Greed
2355,2024-07-17,,,,,,,69,Greed
2356,2024-07-18,,,,,,,61,Greed
2357,2024-07-19,,,,,,,60,Greed
2358,2024-07-20,,,,,,,74,Greed
2359,2024-07-21,,,,,,,74,Greed
2360,2024-07-22,,,,,,,70,Greed
2361,2024-07-23,,,,,,,71,Greed
2362,2024-07-24,,,,,,,69,Greed
2363,2024-07-25,,,,,,,68,Greed
2364,2024-07-26,,,,,,,68,Greed
2365,2024-07-27,,,,,,,72,Greed
2366,2024-07-28,,,,,,,71,Greed
2367,2024-07-29,,,,,,,74,Greed
2368,2024-07-30,,,,,,,67,Greed
2369,2024-07-31,,,,,,,61,Greed
2370,2024-08-01,,,,,,,52,Neutral
2371,2024-08-02,,,,,,,57,Greed
2372,2024-08-03,,,,,,,37,Fear
2373,2024-08-04,,,,,,,34,Fear
2374,2024-08-05,,,,,,,26,Fear
2375,2024-08-06,,,,,,,17,Extreme Fear
2376,2024-08-07,,,,,,,29,Fear
2377,2024-08-08,,,,,,,20,Extreme Fear
2378,2024-08-09,,,,,,,48,Neutral
2379,2024-08-10,,,,,,,40,Fear
2380,2024-08-11,,,,,,,39,Fear
2381,2024-08-12,,,,,,,25,Extreme Fear
2382,2024-08-13,,,,,,,31,Fear
2383,2024-08-14,,,,,,,30,Fear
2384,2024-08-15,,,,,,,29,Fear
2385,2024-08-16,,,,,,,27,Fear
2386,2024-08-17,,,,,,,25,Extreme Fear
2387,2024-08-18,,,,,,,31,Fear
2388,2024-08-19,,,,,,,28,Fear
2389,2024-08-20,,,,,,,30,Fear
2390,2024-08-21,,,,,,,26,Fear
2391,2024-08-22,,,,,,,39,Fear
2392,2024-08-23,,,,,,,34,Fear
2393,2024-08-24,,,,,,,56,Greed
2394,2024-08-25,,,,,,,54,Neutral
2395,2024-08-26,,,,,,,55,Greed
2396,2024-08-27,,,,,,,48,Neutral
2397,2024-08-28,,,,,,,30,Fear
2398,2024-08-29,,,,,,,29,Fear
2399,2024-08-30,,,,,,,34,Fear
2400,2024-08-31,,,,,,,29,Fear
2401,2024-09-01,,,,,,,26,Fear
2402,2024-09-02,,,,,,,26,Fear
2403,2024-09-03,,,,,,,26,Fear
2404,2024-09-04,,,,,,,27,Fear
2405,2024-09-05,,,,,,,29,Fear
2406,2024-09-06,,,,,,,22,Extreme Fear
2407,2024-09-07,,,,,,,23,Extreme Fear
2408,2024-09-08,,,,,,,29,Fear
2409,2024-09-09,,,,,,,26,Fear
2410,2024-09-10,,,,,,,33,Fear
2411,2024-09-11,,,,,,,37,Fear
2412,2024-09-12,,,,,,,31,Fear
2413,2024-09-13,,,,,,,32,Fear
2414,2024-09-14,,,,,,,50,Neutral
2415,2024-09-15,,,,,,,51,Neutral
2416,2024-09-16,,,,,,,39,Fear
2417,2024-09-17,,,,,,,33,Fear
2418,2024-09-18,,,,,,,45,Fear
2419,2024-09-19,,,,,,,49,Neutral
2420,2024-09-20,,,,,,,54,Neutral
2421,2024-09-21,,,,,,,54,Neutral
2422,2024-09-22,,,,,,,52,Neutral
2423,2024-09-23,,,,,,,50,Neutral
2424,2024-09-24,,,,,,,54,Neutral
2425,2024-09-25,,,,,,,59,Greed
2426,2024-09-26,,,,,,,50,Neutral
2427,2024-09-27,,,,,,,61,Greed
2428,2024-09-28,,,,,,,64,Greed
2429,2024-09-29,,,,,,,63,Greed
2430,2024-09-30,,,,,,,61,Greed
2431,2024-10-01,,,,,,,50,Neutral
2432,2024-10-02,,,,,,,42,Fear
2433,2024-10-03,,,,,,,37,Fear
2434,2024-10-04,,,,,,,41,Fear
2435,2024-10-05,,,,,,,49,Neutral
2436,2024-10-06,,,,,,,50,Neutral
2437,2024-10-07,,,,,,,50,Neutral
2438,2024-10-08,,,,,,,49,Neutral
2439,2024-10-09,,,,,,,49,Neutral
2440,2024-10-10,,,,,,,39,Fear
2441,2024-10-11,,,,,,,32,Fear
2442,2024-10-12,,,,,,,49,Neutral
2443,2024-10-13,,,,,,,50,Neutral
2444,2024-10-14,,,,,,,48,Neutral
2445,2024-10-15,,,,,,,65,Greed
2446,2024-10-16,,,,,,,73,Greed
2447,2024-10-17,,,,,,,71,Greed
2448,2024-10-18,,,,,,,73,Greed
2449,2024-10-19,,,,,,,72,Greed
2450,2024-10-20,,,,,,,73,Greed
2451,2024-10-21,,,,,,,72,Greed
2452,2024-10-22,,,,,,,70,Greed
2453,2024-10-23,,,,,,,71,Greed
2454,2024-10-24,,,,,,,69,Greed
2455,2024-10-25,,,,,,,72,Greed
2456,2024-10-27,,,,,,,74,Greed
2457,2024-10-28,,,,,,,72,Greed
2458,2024-10-29,,,,,,,72,Greed
2459,2024-10-30,,,,,,,77,Extreme Greed
2460,2024-10-31,,,,,,,77,Extreme Greed
2461,2024-11-01,,,,,,,75,Greed
2462,2024-11-02,,,,,,,72,Greed
2463,2024-11-03,,,,,,,74,Greed
2464,2024-11-04,,,,,,,70,Greed
2465,2024-11-05,,,,,,,70,Greed
2466,2024-11-06,,,,,,,70,Greed
2467,2024-11-07,,,,,,,77,Extreme Greed
2468,2024-11-08,,,,,,,75,Greed
2469,2024-11-09,,,,,,,75,Greed
2470,2024-11-10,,,,,,,78,Extreme Greed
2471,2024-11-11,,,,,,,76,Extreme Greed
2472,2024-11-12,,,,,,,80,Extreme Greed
2473,2024-11-13,,,,,,,84,Extreme Greed
2474,2024-11-14,,,,,,,88,Extreme Greed
2475,2024-11-15,,,,,,,80,Extreme Greed
2476,2024-11-16,,,,,,,86,Extreme Greed
2477,2024-11-17,,,,,,,90,Extreme Greed
2478,2024-11-18,,,,,,,83,Extreme Greed
2479,2024-11-19,,,,,,,90,Extreme Greed
2480,2024-11-20,,,,,,,83,Extreme Greed
2481,2024-11-21,,,,,,,82,Extreme Greed
2482,2024-11-22,,,,,,,94,Extreme Greed
2483,2024-11-23,,,,,,,93,Extreme Greed
2484,2024-11-24,,,,,,,80,Extreme Greed
2485,2024-11-25,,,,,,,82,Extreme Greed
2486,2024-11-26,,,,,,,79,Extreme Greed
2487,2024-11-27,,,,,,,75,Greed
2488,2024-11-28,,,,,,,77,Extreme Greed
2489,2024-11-29,,,,,,,78,Extreme Greed
2490,2024-11-30,,,,,,,84,Extreme Greed
2491,2024-12-01,,,,,,,81,Extreme Greed
2492,2024-12-02,,,,,,,80,Extreme Greed
2493,2024-12-03,,,,,,,76,Extreme Greed
2494,2024-12-04,,,,,,,78,Extreme Greed
2495,2024-12-05,,,,,,,84,Extreme Greed
2496,2024-12-06,,,,,,,72,Greed
2497,2024-12-07,,,,,,,75,Greed
2498,2024-12-08,,,,,,,79,Extreme Greed
2499,2024-12-09,,,,,,,78,Extreme Greed
2500,2024-12-10,,,,,,,78,Extreme Greed
2501,2024-12-11,,,,,,,74,Greed
2502,2024-12-12,,,,,,,83,Extreme Greed
2503,2024-12-13,,,,,,,76,Extreme Greed
2504,2024-12-14,,,,,,,83,Extreme Greed
2505,2024-12-15,,,,,,,80,Extreme Greed
2506,2024-12-16,,,,,,,83,Extreme Greed
2507,2024-12-17,,,,,,,87,Extreme Greed
2508,2024-12-18,,,,,,,81,Extreme Greed
2509,2024-12-19,,,,,,,75,Greed
2510,2024-12-20,,,,,,,74,Greed
2511,2024-12-21,,,,,,,73,Greed
2512,2024-12-22,,,,,,,73,Greed
2513,2024-12-23,,,,,,,70,Greed
2514,2024-12-24,,,,,,,73,Greed
2515,2024-12-25,,,,,,,73,Greed
2516,2024-12-26,,,,,,,79,Extreme Greed
2517,2024-12-27,,,,,,,74,Greed
2518,2024-12-28,,,,,,,72,Greed
2519,2024-12-29,,,,,,,73,Greed
2520,2024-12-30,,,,,,,65,Greed
2521,2024-12-31,,,,,,,64,Greed
2522,2025-01-01,,,,,,,66,Greed
2523,2025-01-02,,,,,,,70,Greed
2524,2025-01-03,,,,,,,74,Greed
2525,2025-01-04,,,,,,,73,Greed
2526,2025-01-05,,,,,,,72,Greed
2527,2025-01-06,,,,,,,76,Extreme Greed
2528,2025-01-07,,,,,,,78,Extreme Greed
2529,2025-01-08,,,,,,,70,Greed
2530,2025-01-09,,,,,,,69,Greed
2531,2025-01-10,,,,,,,50,Neutral
2532,2025-01-11,,,,,,,69,Greed
2533,2025-01-12,,,,,,,62,Greed
2534,2025-01-13,,,,,,,61,Greed
2535,2025-01-14,,,,,,,63,Greed
2536,2025-01-15,,,,,,,70,Greed
2537,2025-01-16,,,,,,,75,Greed
2538,2025-01-17,,,,,,,75,Greed
2539,2025-01-18,,,,,,,77,Extreme Greed
2540,2025-01-19,,,,,,,77,Extreme Greed
2541,2025-01-20,,,,,,,76,Extreme Greed
2542,2025-01-21,,,,,,,76,Extreme Greed
2543,2025-01-22,,,,,,,84,Extreme Greed
2544,2025-01-23,,,,,,,75,Greed
2545,2025-01-24,,,,,,,75,Greed
2546,2025-01-25,,,,,,,75,Greed
2547,2025-01-26,,,,,,,73,Greed
2548,2025-01-27,,,,,,,71,Greed
2549,2025-01-28,,,,,,,72,Greed
2550,2025-01-29,,,,,,,72,Greed
2551,2025-01-30,,,,,,,70,Greed
2552,2025-01-31,,,,,,,76,Extreme Greed
2553,2025-02-01,,,,,,,68,Greed
2554,2025-02-02,,,,,,,60,Greed
2555,2025-02-03,6.0,1.0,6.0,13.0,positive,0.7794152291921469,44,Fear
2556,2025-02-04,17.0,23.0,26.0,66.0,negative,0.8178860346476237,72,Greed
2557,2025-02-05,34.0,41.0,40.0,115.0,neutral,0.7979723818924116,54,Neutral
2558,2025-02-06,27.0,42.0,43.0,112.0,negative,0.8010589757135936,49,Neutral
2559,2025-02-07,29.0,29.0,33.0,91.0,negative,0.7975936378096486,44,Fear
2560,2025-02-08,15.0,15.0,27.0,57.0,negative,0.8369602665566561,44,Fear
2561,2025-02-09,19.0,27.0,11.0,57.0,neutral,0.8012940329417848,46,Fear
2562,2025-02-10,23.0,33.0,37.0,93.0,negative,0.8057866259928672,43,Fear
2563,2025-02-11,32.0,34.0,27.0,93.0,neutral,0.8216503192019718,47,Neutral
2564,2025-02-12,27.0,35.0,41.0,103.0,negative,0.8093967434850712,46,Fear
2565,2025-02-13,34.0,33.0,31.0,98.0,positive,0.8157354635851723,50,Neutral
2566,2025-02-14,25.0,34.0,30.0,89.0,neutral,0.8118657442960846,48,Neutral
2567,2025-02-15,4.0,17.0,15.0,36.0,neutral,0.7901791623897023,50,Neutral
2568,2025-02-16,11.0,13.0,17.0,41.0,negative,0.8163657813537412,54,Neutral
2569,2025-02-17,26.0,46.0,33.0,105.0,neutral,0.8289677554652805,51,Neutral
2570,2025-02-18,16.0,30.0,42.0,88.0,negative,0.7906315435062755,47,Neutral
2571,2025-02-19,32.0,38.0,22.0,92.0,neutral,0.8144398869379706,44,Fear
2572,2025-02-20,28.0,28.0,27.0,83.0,neutral,0.8049657983952258,49,Neutral
2573,2025-02-21,25.0,20.0,30.0,75.0,negative,0.8116314260164896,55,Greed
2574,2025-02-22,11.0,18.0,24.0,53.0,negative,0.7590962766476397,49,Neutral
2575,2025-02-23,11.0,14.0,10.0,35.0,neutral,0.8117638187749046,50,Neutral
2576,2025-02-24,13.0,26.0,31.0,70.0,negative,0.8214887184756142,49,Neutral
2577,2025-02-25,8.0,29.0,43.0,80.0,negative,0.8121543943881988,25,Extreme Fear
2578,2025-02-26,13.0,26.0,36.0,75.0,negative,0.8060185790061951,21,Extreme Fear
2579,2025-02-27,18.0,27.0,30.0,75.0,negative,0.7842060315608979,10,Extreme Fear
2580,2025-02-28,13.0,26.0,39.0,78.0,negative,0.8252814018573517,16,Extreme Fear
2581,2025-03-01,11.0,19.0,20.0,50.0,negative,0.8492907106876373,20,Extreme Fear
2582,2025-03-02,29.0,17.0,8.0,54.0,positive,0.8353646397590637,26,Fear
2583,2025-03-03,26.0,33.0,44.0,103.0,negative,0.836649919597848,33,Fear
2584,2025-03-04,21.0,30.0,57.0,108.0,negative,0.8099307608273294,15,Extreme Fear
2585,2025-03-05,32.0,35.0,41.0,108.0,negative,0.7850116689999899,20,Extreme Fear
2586,2025-03-06,32.0,38.0,40.0,110.0,negative,0.8271493527022276,25,Extreme Fear
2587,2025-03-07,13.0,40.0,36.0,89.0,neutral,0.8118073384413559,34,Fear
2588,2025-03-08,8.0,12.0,12.0,32.0,negative,0.81994435377419,28,Fear
2589,2025-03-09,6.0,13.0,25.0,44.0,negative,0.8734975836493752,27,Fear
2590,2025-03-10,18.0,30.0,48.0,96.0,negative,0.8364827030648788,20,Extreme Fear
2591,2025-03-11,28.0,27.0,44.0,99.0,negative,0.8158697982629141,24,Extreme Fear
2592,2025-03-12,29.0,24.0,41.0,94.0,negative,0.8328949688596928,34,Fear
2593,2025-03-13,24.0,21.0,35.0,80.0,negative,0.7953522294759751,45,Fear
2594,2025-03-14,22.0,19.0,32.0,73.0,negative,0.8289015611557111,27,Fear
2595,2025-03-15,9.0,8.0,13.0,30.0,negative,0.7870387713114421,46,Fear
2596,2025-03-16,10.0,12.0,22.0,44.0,negative,0.8373916230418466,30,Fear
2597,2025-03-17,27.0,18.0,30.0,75.0,negative,0.8136107556025187,32,Fear
2598,2025-03-18,10.0,19.0,23.0,52.0,negative,0.8222844933088009,34,Fear
2599,2025-03-19,41.0,33.0,33.0,107.0,positive,0.7924627296835463,32,Fear
2600,2025-03-20,20.0,42.0,28.0,90.0,neutral,0.8182135575347477,49,Neutral
2601,2025-03-21,12.0,33.0,25.0,70.0,neutral,0.805808732339314,31,Fear
2602,2025-03-22,9.0,15.0,10.0,34.0,neutral,0.7977477960726794,32,Fear
2603,2025-03-23,23.0,13.0,20.0,56.0,positive,0.8506674734609467,30,Fear
2604,2025-03-24,36.0,54.0,48.0,138.0,neutral,0.8080512570298236,45,Fear
2605,2025-03-25,50.0,50.0,38.0,138.0,neutral,0.8123279637184696,46,Fear
2606,2025-03-26,42.0,62.0,54.0,158.0,neutral,0.8031088528753836,47,Neutral
2607,2025-03-27,44.0,52.0,50.0,146.0,neutral,0.8317409614994101,40,Fear
2608,2025-03-28,30.0,62.0,60.0,152.0,neutral,0.7964835429662153,44,Fear
2609,2025-03-29,20.0,18.0,36.0,74.0,negative,0.8418043916289871,26,Fear
2610,2025-03-30,16.0,22.0,32.0,70.0,negative,0.8203780880996159,32,Fear
2611,2025-03-31,40.0,52.0,72.0,164.0,negative,0.8197072402733129,34,Fear
2612,2025-04-01,46.0,60.0,42.0,148.0,neutral,0.80975310061429,34,Fear
2613,2025-04-02,52.0,78.0,82.0,212.0,negative,0.7969027094121249,44,Fear
2614,2025-04-03,40.0,50.0,74.0,164.0,negative,0.8015669282616639,25,Extreme Fear
2615,2025-04-04,44.0,46.0,78.0,168.0,negative,0.8234776368453389,28,Fear
2616,2025-04-05,16.0,34.0,42.0,92.0,negative,0.8242189184479092,30,Fear
2617,2025-04-06,16.0,28.0,68.0,112.0,negative,0.8539655160691056,34,Fear
2618,2025-04-07,58.0,56.0,124.0,238.0,negative,0.8115353010782674,23,Extreme Fear
2619,2025-04-08,50.0,60.0,80.0,190.0,negative,0.8146630651072452,24,Extreme Fear
2620,2025-04-09,64.0,46.0,98.0,208.0,negative,0.811240370456989,18,Extreme Fear
2621,2025-04-10,44.0,58.0,66.0,168.0,negative,0.7977334367377418,39,Fear
2622,2025-04-11,50.0,62.0,68.0,180.0,negative,0.7925230973296695,25,Extreme Fear
2623,2025-04-12,36.0,18.0,18.0,72.0,positive,0.8318933215406206,43,Fear
2624,2025-04-13,14.0,30.0,28.0,72.0,neutral,0.7839523752530416,45,Fear
2625,2025-04-14,44.0,46.0,70.0,160.0,negative,0.7836221151053906,31,Fear
2626,2025-04-15,52.0,54.0,62.0,168.0,negative,0.8178289234638214,38,Fear
2627,2025-04-16,48.0,81.0,98.0,227.0,negative,0.7892526477444014,29,Fear
2628,2025-04-17,46.0,56.0,42.0,144.0,neutral,0.8040936175319884,30,Fear
2629,2025-04-18,32.0,44.0,34.0,110.0,neutral,0.8206185416741805,33,Fear
2630,2025-04-19,32.0,20.0,26.0,78.0,positive,0.8487482911501175,32,Fear
2631,2025-04-20,22.0,24.0,42.0,88.0,negative,0.8391161533919248,37,Fear
2632,2025-04-21,48.0,56.0,62.0,166.0,negative,0.8184106041149921,39,Fear
2633,2025-04-22,54.0,40.0,56.0,150.0,negative,0.8028035124142965,47,Neutral
2634,2025-04-23,74.0,60.0,74.0,208.0,positive,0.8368022894630065,72,Greed
2635,2025-04-24,24.0,50.0,72.0,146.0,negative,0.7806527749316333,63,Greed
2636,2025-04-25,64.0,52.0,44.0,160.0,positive,0.8302615731954575,60,Greed
2637,2025-04-26,35.0,40.0,22.0,97.0,neutral,0.8143282274609989,65,Greed
2638,2025-04-27,12.0,15.0,20.0,47.0,negative,0.8446587653870278,61,Greed
2639,2025-04-28,32.0,22.0,24.0,78.0,positive,0.820782231978881,54,Neutral
2640,2025-04-29,1.0,5.0,2.0,8.0,neutral,0.8410349115729332,60,Greed
